[{"pk": 24, "model": "contenttypes.contenttype", "fields": {"model": "allocation", "name": "allocation", "app_label": "src"}}, {"pk": 23, "model": "contenttypes.contenttype", "fields": {"model": "batch", "name": "batch", "app_label": "src"}}, {"pk": 22, "model": "contenttypes.contenttype", "fields": {"model": "bondoas", "name": "bond oas", "app_label": "src"}}, {"pk": 21, "model": "contenttypes.contenttype", "fields": {"model": "bondprice", "name": "bond price", "app_label": "src"}}, {"pk": 4, "model": "contenttypes.contenttype", "fields": {"model": "contenttype", "name": "content type", "app_label": "contenttypes"}}, {"pk": 11, "model": "contenttypes.contenttype", "fields": {"model": "equity", "name": "equity", "app_label": "src"}}, {"pk": 25, "model": "contenttypes.contenttype", "fields": {"model": "feedback", "name": "feedback", "app_label": "contact_form"}}, {"pk": 2, "model": "contenttypes.contenttype", "fields": {"model": "group", "name": "group", "app_label": "auth"}}, {"pk": 14, "model": "contenttypes.contenttype", "fields": {"model": "hvarconfiguration", "name": "hvar configuration", "app_label": "src"}}, {"pk": 15, "model": "contenttypes.contenttype", "fields": {"model": "identifier", "name": "identifier", "app_label": "src"}}, {"pk": 18, "model": "contenttypes.contenttype", "fields": {"model": "interestrate", "name": "interest rate", "app_label": "src"}}, {"pk": 19, "model": "contenttypes.contenttype", "fields": {"model": "interestratecurve", "name": "interest rate curve", "app_label": "src"}}, {"pk": 12, "model": "contenttypes.contenttype", "fields": {"model": "location", "name": "location", "app_label": "src"}}, {"pk": 7, "model": "contenttypes.contenttype", "fields": {"model": "logentry", "name": "log entry", "app_label": "admin"}}, {"pk": 9, "model": "contenttypes.contenttype", "fields": {"model": "modelposition", "name": "model position", "app_label": "src"}}, {"pk": 1, "model": "contenttypes.contenttype", "fields": {"model": "permission", "name": "permission", "app_label": "auth"}}, {"pk": 8, "model": "contenttypes.contenttype", "fields": {"model": "portfolio", "name": "portfolio", "app_label": "src"}}, {"pk": 26, "model": "contenttypes.contenttype", "fields": {"model": "registrationprofile", "name": "registration profile", "app_label": "registration"}}, {"pk": 5, "model": "contenttypes.contenttype", "fields": {"model": "session", "name": "session", "app_label": "sessions"}}, {"pk": 6, "model": "contenttypes.contenttype", "fields": {"model": "site", "name": "site", "app_label": "sites"}}, {"pk": 20, "model": "contenttypes.contenttype", "fields": {"model": "stockprice", "name": "stock price", "app_label": "src"}}, {"pk": 16, "model": "contenttypes.contenttype", "fields": {"model": "tcbond", "name": "tc bond", "app_label": "src"}}, {"pk": 17, "model": "contenttypes.contenttype", "fields": {"model": "tcswap", "name": "tc swap", "app_label": "src"}}, {"pk": 10, "model": "contenttypes.contenttype", "fields": {"model": "transaction", "name": "transaction", "app_label": "src"}}, {"pk": 3, "model": "contenttypes.contenttype", "fields": {"model": "user", "name": "user", "app_label": "auth"}}, {"pk": 13, "model": "contenttypes.contenttype", "fields": {"model": "userprofile", "name": "user profile", "app_label": "src"}}, {"pk": "03a333be179f567df21e1988fe5f26c8", "model": "sessions.session", "fields": {"expire_date": "2014-04-17T20:15:39", "session_data": "NGRkNDhiY2U5YzZhMmE0ZjY2NGY4NWEzMmY5OTdkODNkNzI4YjUzNjqAAn1xAVUKdGVzdGNvb2tp\nZXECVQZ3b3JrZWRxA3Mu\n"}}, {"pk": "03be213c39c74a6190cb802c06c62cb3", "model": "sessions.session", "fields": {"expire_date": "2014-04-18T18:26:09", "session_data": "NGRkNDhiY2U5YzZhMmE0ZjY2NGY4NWEzMmY5OTdkODNkNzI4YjUzNjqAAn1xAVUKdGVzdGNvb2tp\nZXECVQZ3b3JrZWRxA3Mu\n"}}, {"pk": "057e3ca319ec881e04bce6c15a594bc2", "model": "sessions.session", "fields": {"expire_date": "2014-04-17T20:15:39", "session_data": "NGRkNDhiY2U5YzZhMmE0ZjY2NGY4NWEzMmY5OTdkODNkNzI4YjUzNjqAAn1xAVUKdGVzdGNvb2tp\nZXECVQZ3b3JrZWRxA3Mu\n"}}, {"pk": "0623cfdd5ddfeb3da66a6e3a1d7597b3", "model": "sessions.session", "fields": {"expire_date": "2014-04-19T06:57:30", "session_data": "NGRkNDhiY2U5YzZhMmE0ZjY2NGY4NWEzMmY5OTdkODNkNzI4YjUzNjqAAn1xAVUKdGVzdGNvb2tp\nZXECVQZ3b3JrZWRxA3Mu\n"}}, {"pk": "09e96d35c437d573b951ae48344579fa", "model": "sessions.session", "fields": {"expire_date": "2014-04-19T16:26:35", "session_data": "NGRkNDhiY2U5YzZhMmE0ZjY2NGY4NWEzMmY5OTdkODNkNzI4YjUzNjqAAn1xAVUKdGVzdGNvb2tp\nZXECVQZ3b3JrZWRxA3Mu\n"}}, {"pk": "0a2ef233f5603009f93de09816a3f249", "model": "sessions.session", "fields": {"expire_date": "2014-04-25T20:25:17", "session_data": "ZTkwNjI0MDYwMjQzNjljMGVjZDk0OWMwZjE5MDZjZTM4MjFiNGNiNDqAAn1xAVUKdGVzdGNvb2tp\nZVUGd29ya2VkcQJzLg==\n"}}, {"pk": "0be97dd3171778b4cc317ff692d2141d", "model": "sessions.session", "fields": {"expire_date": "2014-04-19T16:25:45", "session_data": "NjBhZTQxZDk3YTQ1MzMyYzgwNTZmNWE0MWU3ZTI2MWFlY2ZhOWZlZDqAAn1xAS4=\n"}}, {"pk": "10317a655586ed698ef7249ceda0c61c", "model": "sessions.session", "fields": {"expire_date": "2014-04-17T20:20:15", "session_data": "NGRkNDhiY2U5YzZhMmE0ZjY2NGY4NWEzMmY5OTdkODNkNzI4YjUzNjqAAn1xAVUKdGVzdGNvb2tp\nZXECVQZ3b3JrZWRxA3Mu\n"}}, {"pk": "1122491aa239514b9466b2f619ebcefa", "model": "sessions.session", "fields": {"expire_date": "2014-04-20T06:29:36", "session_data": "NGRkNDhiY2U5YzZhMmE0ZjY2NGY4NWEzMmY5OTdkODNkNzI4YjUzNjqAAn1xAVUKdGVzdGNvb2tp\nZXECVQZ3b3JrZWRxA3Mu\n"}}, {"pk": "1123ef7bef9d9b9f0c071efe6e620d41", "model": "sessions.session", "fields": {"expire_date": "2014-04-17T20:15:19", "session_data": "NGRkNDhiY2U5YzZhMmE0ZjY2NGY4NWEzMmY5OTdkODNkNzI4YjUzNjqAAn1xAVUKdGVzdGNvb2tp\nZXECVQZ3b3JrZWRxA3Mu\n"}}, {"pk": "14b16114ef2468e51625924ec1c4cce2", "model": "sessions.session", "fields": {"expire_date": "2014-04-19T12:48:33", "session_data": "NGRkNDhiY2U5YzZhMmE0ZjY2NGY4NWEzMmY5OTdkODNkNzI4YjUzNjqAAn1xAVUKdGVzdGNvb2tp\nZXECVQZ3b3JrZWRxA3Mu\n"}}, {"pk": "17c3df28869727b1a55a1705d10400b9", "model": "sessions.session", "fields": {"expire_date": "2014-04-17T20:14:24", "session_data": "NGRkNDhiY2U5YzZhMmE0ZjY2NGY4NWEzMmY5OTdkODNkNzI4YjUzNjqAAn1xAVUKdGVzdGNvb2tp\nZXECVQZ3b3JrZWRxA3Mu\n"}}, {"pk": "18ecbf10841da17c8ce9ac87efff1402", "model": "sessions.session", "fields": {"expire_date": "2014-04-17T20:38:32", "session_data": "NGRkNDhiY2U5YzZhMmE0ZjY2NGY4NWEzMmY5OTdkODNkNzI4YjUzNjqAAn1xAVUKdGVzdGNvb2tp\nZXECVQZ3b3JrZWRxA3Mu\n"}}, {"pk": "1c81a61ff52409f8d7e79b0cc3c6c4cd", "model": "sessions.session", "fields": {"expire_date": "2014-04-19T06:29:35", "session_data": "NjBhZTQxZDk3YTQ1MzMyYzgwNTZmNWE0MWU3ZTI2MWFlY2ZhOWZlZDqAAn1xAS4=\n"}}, {"pk": "1ccf2a0a5fe9e53051c8d31954d5b8c9", "model": "sessions.session", "fields": {"expire_date": "2014-04-19T16:24:46", "session_data": "NGRkNDhiY2U5YzZhMmE0ZjY2NGY4NWEzMmY5OTdkODNkNzI4YjUzNjqAAn1xAVUKdGVzdGNvb2tp\nZXECVQZ3b3JrZWRxA3Mu\n"}}, {"pk": "1e40e42bbf483f3c8349c84dd2df8ce8", "model": "sessions.session", "fields": {"expire_date": "2014-04-19T16:35:55", "session_data": "NGRkNDhiY2U5YzZhMmE0ZjY2NGY4NWEzMmY5OTdkODNkNzI4YjUzNjqAAn1xAVUKdGVzdGNvb2tp\nZXECVQZ3b3JrZWRxA3Mu\n"}}, {"pk": "1ee256cabd656e2a9deeb38648e6ff08", "model": "sessions.session", "fields": {"expire_date": "2014-04-19T16:25:12", "session_data": "NGRkNDhiY2U5YzZhMmE0ZjY2NGY4NWEzMmY5OTdkODNkNzI4YjUzNjqAAn1xAVUKdGVzdGNvb2tp\nZXECVQZ3b3JrZWRxA3Mu\n"}}, {"pk": "2231e6dfb1332f9a15a318abe4a640f9", "model": "sessions.session", "fields": {"expire_date": "2014-04-19T16:27:00", "session_data": "NGRkNDhiY2U5YzZhMmE0ZjY2NGY4NWEzMmY5OTdkODNkNzI4YjUzNjqAAn1xAVUKdGVzdGNvb2tp\nZXECVQZ3b3JrZWRxA3Mu\n"}}, {"pk": "27bdaac9942d9b4a52dfb69c7c30e617", "model": "sessions.session", "fields": {"expire_date": "2014-04-24T14:16:21", "session_data": "NDY3MjRmYjkyMTRjNDYwMTIwNTQyNTIwZjIwZDVmNDRjZGZmNzFiNTqAAn1xAShVEnJhdGVDdXJ2\nZV9tYXJrZXRJZHECWAQAAABERU1PcQNVD3JhdGVDdXJ2ZV9jdXJ2ZXEEXXEFKFgHAAAARGVwb3Np\ndHEGVQIxTVUFMC41NDWHcQdYBAAAAFN3YXBxCFUCMllVBTEuNTUxh3EJWAQAAABTd2FwcQpVAjNZ\nVQUxLjg3N4dxC1gEAAAAU3dhcHEMVQI0WVUFMi4xNTeHcQ1YBwAAAERlcG9zaXRxDlUCMURVBjAu\nMzA5NIdxD1gHAAAARGVwb3NpdHEQVQIyRFUDMC4zh3ERWAcAAABEZXBvc2l0cRJVAjNNVQYxLjI4\nNzWHcRNYBwAAAERlcG9zaXRxFFUCNk1VBjEuODYzOIdxFVgHAAAARGVwb3NpdHEWVQI5TVUGMi4w\nMTc1h3EXWAcAAABEZXBvc2l0cRhVAjFZVQQyLjE4h3EZWAQAAABTd2FwcRpVAjVZVQUyLjM3N4dx\nG1gEAAAAU3dhcHEcVQI3WVUFMi42NzSHcR1YBAAAAFN3YXBxHlUDMTBZVQYyLjc3NziHcR9YBAAA\nAFN3YXBxIFUDMTJZVQUyLjg5NIdxIVgEAAAAU3dhcHEiVQMxNVlVBDMuMTaHcSNYBAAAAFN3YXBx\nJFUDMjBZVQUzLjE5N4dxJVgEAAAAU3dhcHEmVQMyNVlVBTMuMjExh3EnWAQAAABTd2FwcShVAzMw\nWVUFMy4yMzSHcSllVQ1fYXV0aF91c2VyX2lkigEEVRJfYXV0aF91c2VyX2JhY2tlbmRVKWRqYW5n\nby5jb250cmliLmF1dGguYmFja2VuZHMuTW9kZWxCYWNrZW5kVRVyYXRlQ3VydmVfcHJpY2luZ0Rh\ndGVxKlUKMDkvMTIvMjAxMVUScmF0ZUN1cnZlX251bVRlcm1zcStLA1UNcmF0ZUN1cnZlX2NjeXEs\nY3NyYy5iby5FbnVtCkN1cnJlbmN5CnEtKYFxLn1xL1UGX3ZhbHVlcTBYAwAAAFVTRHExc2JVD3Jh\ndGVDdXJ2ZV9pbmRleHEyY3NyYy5iby5FbnVtCkluZGV4CnEzKYFxNH1xNWgwWAUAAABMSUJPUnE2\nc2JVDnJhdGVDdXJ2ZV90ZXJtcTdjc3JjLmJvLkVudW0KVGltZVBlcmlvZApxOCmBcTl9cTpoMFgB\nAAAATXNiVRNyYXRlQ3VydmVfemVyb0N1cnZlcTtdcTwoY2RhdGV0aW1lCmRhdGUKcT1VBAfbCQyF\nUnE+VRAwLjAwMzA5Mzk4NjcwNDI3hnE/aD1VBAfbCQ+FUnFAVRAwLjAwMzA5Mzk4NjcwNDI3hnFB\naD1VBAfbCRCFUnFCVRAwLjAwMjkwNTk2MzI5NjA2hnFDaD1VBAfbCg6FUnFEVRAwLjAwNTYyMzY3\nNjE4MjU5hnFFaD1VBAfbDA6FUnFGVQ8wLjAxNjQ5NjA2MDc5NDWGcUdoPVUEB9wDDoVScUhVDzAu\nMDI0MjQ3MzgzNjQxMYZxSWg9VQQH3AYOhVJxSlUPMC4wMjI5MzE1NTQ4MTA4hnFLaD1VBAfcCQ6F\nUnFMVQ8wLjAyNjE0OTIyOTg0MTWGcU1oPVUEB90JEIVScU5VEDAuMDA4ODA1MzQxNjU5NzaGcU9o\nPVUEB94JD4VScVBVDzAuMDI1MDAyMzc5MzkxNoZxUWg9VQQH3wkOhVJxUlUPMC4wMjk3Njk3NTcy\nMzA2hnFTaD1VBAfgCQ6FUnFUVQ8wLjAzMjM3OTA2NzUzMDKGcVVoPVUEB+IJDoVScVZVDzAuMDM0\nMjIxNTg5OTk4NYZxV2g9VQQH5QkOhVJxWFUPMC4wMjk5MzU0MDg0NzQyhnFZaD1VBAfnCQ6FUnFa\nVQ8wLjAzNTE5MDcyMDY1MTaGcVtoPVUEB+oJDoVScVxVDzAuMDQ0MzY2MjI0MDEyNYZxXWg9VQQH\n7wkPhVJxXlUPMC4wMzI4MjI3NjQ0NDY3hnFfaD1VBAf0CQ+FUnFgVQ8wLjAzMjI0MDQ0NzA4MTGG\ncWFoPVUEB/kJEIVScWJVDzAuMDMzNTQ5Mjk3MDcyM4ZxY2V1Lg==\n"}}, {"pk": "2a1df01781858544d8b13da3b2bc2055", "model": "sessions.session", "fields": {"expire_date": "2014-04-18T19:41:56", "session_data": "NGRkNDhiY2U5YzZhMmE0ZjY2NGY4NWEzMmY5OTdkODNkNzI4YjUzNjqAAn1xAVUKdGVzdGNvb2tp\nZXECVQZ3b3JrZWRxA3Mu\n"}}, {"pk": "2a627df1e4b80a1be4bd523bba10a9ae", "model": "sessions.session", "fields": {"expire_date": "2014-04-17T20:12:07", "session_data": "NGRkNDhiY2U5YzZhMmE0ZjY2NGY4NWEzMmY5OTdkODNkNzI4YjUzNjqAAn1xAVUKdGVzdGNvb2tp\nZXECVQZ3b3JrZWRxA3Mu\n"}}, {"pk": "2ad668626756c3833efd89c563ff9d9e", "model": "sessions.session", "fields": {"expire_date": "2014-04-19T16:24:34", "session_data": "NGRkNDhiY2U5YzZhMmE0ZjY2NGY4NWEzMmY5OTdkODNkNzI4YjUzNjqAAn1xAVUKdGVzdGNvb2tp\nZXECVQZ3b3JrZWRxA3Mu\n"}}, {"pk": "2bb6b40c4ef897f5983718c4148a511d", "model": "sessions.session", "fields": {"expire_date": "2014-04-18T15:43:51", "session_data": "NGRkNDhiY2U5YzZhMmE0ZjY2NGY4NWEzMmY5OTdkODNkNzI4YjUzNjqAAn1xAVUKdGVzdGNvb2tp\nZXECVQZ3b3JrZWRxA3Mu\n"}}, {"pk": "2c0cca7b89fdf60c4295df34910c21a7", "model": "sessions.session", "fields": {"expire_date": "2014-04-18T20:57:44", "session_data": "NGRkNDhiY2U5YzZhMmE0ZjY2NGY4NWEzMmY5OTdkODNkNzI4YjUzNjqAAn1xAVUKdGVzdGNvb2tp\nZXECVQZ3b3JrZWRxA3Mu\n"}}, {"pk": "2cc0da4fd8b47519688fc972e366f992", "model": "sessions.session", "fields": {"expire_date": "2014-04-17T20:19:58", "session_data": "NGRkNDhiY2U5YzZhMmE0ZjY2NGY4NWEzMmY5OTdkODNkNzI4YjUzNjqAAn1xAVUKdGVzdGNvb2tp\nZXECVQZ3b3JrZWRxA3Mu\n"}}, {"pk": "2e1b327365d2bf9408f572ea3ceb7145", "model": "sessions.session", "fields": {"expire_date": "2014-04-19T16:25:21", "session_data": "NGRkNDhiY2U5YzZhMmE0ZjY2NGY4NWEzMmY5OTdkODNkNzI4YjUzNjqAAn1xAVUKdGVzdGNvb2tp\nZXECVQZ3b3JrZWRxA3Mu\n"}}, {"pk": "2fc6c5d64dbc242d9eb74b24d3d46a74", "model": "sessions.session", "fields": {"expire_date": "2014-04-19T20:23:17", "session_data": "NGRkNDhiY2U5YzZhMmE0ZjY2NGY4NWEzMmY5OTdkODNkNzI4YjUzNjqAAn1xAVUKdGVzdGNvb2tp\nZXECVQZ3b3JrZWRxA3Mu\n"}}, {"pk": "32bb5f84a2498ade85b34162a3e9b06a", "model": "sessions.session", "fields": {"expire_date": "2014-04-17T20:21:50", "session_data": "NGRkNDhiY2U5YzZhMmE0ZjY2NGY4NWEzMmY5OTdkODNkNzI4YjUzNjqAAn1xAVUKdGVzdGNvb2tp\nZXECVQZ3b3JrZWRxA3Mu\n"}}, {"pk": "34969dd4798d7b05237368def652727a", "model": "sessions.session", "fields": {"expire_date": "2014-04-19T16:24:27", "session_data": "NGRkNDhiY2U5YzZhMmE0ZjY2NGY4NWEzMmY5OTdkODNkNzI4YjUzNjqAAn1xAVUKdGVzdGNvb2tp\nZXECVQZ3b3JrZWRxA3Mu\n"}}, {"pk": "351aa4d4eaf715684e0a0ab7e888b85b", "model": "sessions.session", "fields": {"expire_date": "2014-04-17T20:15:50", "session_data": "NGRkNDhiY2U5YzZhMmE0ZjY2NGY4NWEzMmY5OTdkODNkNzI4YjUzNjqAAn1xAVUKdGVzdGNvb2tp\nZXECVQZ3b3JrZWRxA3Mu\n"}}, {"pk": "3fad0a51fdbb2b047d725bdef08028ed", "model": "sessions.session", "fields": {"expire_date": "2014-04-19T16:28:23", "session_data": "NGRkNDhiY2U5YzZhMmE0ZjY2NGY4NWEzMmY5OTdkODNkNzI4YjUzNjqAAn1xAVUKdGVzdGNvb2tp\nZXECVQZ3b3JrZWRxA3Mu\n"}}, {"pk": "40dd0acc7ad221416e2a6b1bbc31db86", "model": "sessions.session", "fields": {"expire_date": "2014-04-19T15:20:08", "session_data": "NGRkNDhiY2U5YzZhMmE0ZjY2NGY4NWEzMmY5OTdkODNkNzI4YjUzNjqAAn1xAVUKdGVzdGNvb2tp\nZXECVQZ3b3JrZWRxA3Mu\n"}}, {"pk": "41a7bb0ccc40a974ae6d85527c96dcdb", "model": "sessions.session", "fields": {"expire_date": "2014-04-20T00:10:39", "session_data": "NGRkNDhiY2U5YzZhMmE0ZjY2NGY4NWEzMmY5OTdkODNkNzI4YjUzNjqAAn1xAVUKdGVzdGNvb2tp\nZXECVQZ3b3JrZWRxA3Mu\n"}}, {"pk": "41c428f63ecb21f59664e237481de52c", "model": "sessions.session", "fields": {"expire_date": "2014-04-17T20:15:14", "session_data": "NGRkNDhiY2U5YzZhMmE0ZjY2NGY4NWEzMmY5OTdkODNkNzI4YjUzNjqAAn1xAVUKdGVzdGNvb2tp\nZXECVQZ3b3JrZWRxA3Mu\n"}}, {"pk": "43e35673af3ca673f722243059114d38", "model": "sessions.session", "fields": {"expire_date": "2014-04-17T20:21:43", "session_data": "NGRkNDhiY2U5YzZhMmE0ZjY2NGY4NWEzMmY5OTdkODNkNzI4YjUzNjqAAn1xAVUKdGVzdGNvb2tp\nZXECVQZ3b3JrZWRxA3Mu\n"}}, {"pk": "4419b268b91cdcad176102e29676956a", "model": "sessions.session", "fields": {"expire_date": "2014-04-19T10:16:58", "session_data": "NGRkNDhiY2U5YzZhMmE0ZjY2NGY4NWEzMmY5OTdkODNkNzI4YjUzNjqAAn1xAVUKdGVzdGNvb2tp\nZXECVQZ3b3JrZWRxA3Mu\n"}}, {"pk": "47d5faba9fc503ad66230ac713aae033", "model": "sessions.session", "fields": {"expire_date": "2014-04-19T16:25:04", "session_data": "NGRkNDhiY2U5YzZhMmE0ZjY2NGY4NWEzMmY5OTdkODNkNzI4YjUzNjqAAn1xAVUKdGVzdGNvb2tp\nZXECVQZ3b3JrZWRxA3Mu\n"}}, {"pk": "49d9333557bbc0ade0845742944e7315", "model": "sessions.session", "fields": {"expire_date": "2014-04-19T16:24:56", "session_data": "NGRkNDhiY2U5YzZhMmE0ZjY2NGY4NWEzMmY5OTdkODNkNzI4YjUzNjqAAn1xAVUKdGVzdGNvb2tp\nZXECVQZ3b3JrZWRxA3Mu\n"}}, {"pk": "4a41de44e2345e20d75d2dcee82e3ce8", "model": "sessions.session", "fields": {"expire_date": "2014-04-18T08:03:36", "session_data": "OTAwZDFiMjU4YTcxOGZjMDBlNzk1NzVmNWVhMjkyMjFhOTc5YmM4NTqAAn1xAShVEl9hdXRoX3Vz\nZXJfYmFja2VuZHECVSlkamFuZ28uY29udHJpYi5hdXRoLmJhY2tlbmRzLk1vZGVsQmFja2VuZHED\nVQ1fYXV0aF91c2VyX2lkcQSKAQR1Lg==\n"}}, {"pk": "4dbed798614b99e8f4a84d39b3ba779b", "model": "sessions.session", "fields": {"expire_date": "2014-04-19T06:57:36", "session_data": "NGRkNDhiY2U5YzZhMmE0ZjY2NGY4NWEzMmY5OTdkODNkNzI4YjUzNjqAAn1xAVUKdGVzdGNvb2tp\nZXECVQZ3b3JrZWRxA3Mu\n"}}, {"pk": "4e1d371fbf9d94640b9d29289f8dcfe3", "model": "sessions.session", "fields": {"expire_date": "2014-04-19T05:28:47", "session_data": "NGRkNDhiY2U5YzZhMmE0ZjY2NGY4NWEzMmY5OTdkODNkNzI4YjUzNjqAAn1xAVUKdGVzdGNvb2tp\nZXECVQZ3b3JrZWRxA3Mu\n"}}, {"pk": "4e1ef119c281429a9fd6ea0667e322f1", "model": "sessions.session", "fields": {"expire_date": "2014-04-19T16:25:29", "session_data": "NGRkNDhiY2U5YzZhMmE0ZjY2NGY4NWEzMmY5OTdkODNkNzI4YjUzNjqAAn1xAVUKdGVzdGNvb2tp\nZXECVQZ3b3JrZWRxA3Mu\n"}}, {"pk": "4ed98778866a96921948c509815f629c", "model": "sessions.session", "fields": {"expire_date": "2014-04-17T20:37:02", "session_data": "NGRkNDhiY2U5YzZhMmE0ZjY2NGY4NWEzMmY5OTdkODNkNzI4YjUzNjqAAn1xAVUKdGVzdGNvb2tp\nZXECVQZ3b3JrZWRxA3Mu\n"}}, {"pk": "4f00329915b0b483f9cd963ef54025a5", "model": "sessions.session", "fields": {"expire_date": "2014-04-19T16:25:37", "session_data": "NGRkNDhiY2U5YzZhMmE0ZjY2NGY4NWEzMmY5OTdkODNkNzI4YjUzNjqAAn1xAVUKdGVzdGNvb2tp\nZXECVQZ3b3JrZWRxA3Mu\n"}}, {"pk": "4f69688f05ace5998fd32cff6136a56d", "model": "sessions.session", "fields": {"expire_date": "2014-04-17T20:12:07", "session_data": "NGRkNDhiY2U5YzZhMmE0ZjY2NGY4NWEzMmY5OTdkODNkNzI4YjUzNjqAAn1xAVUKdGVzdGNvb2tp\nZXECVQZ3b3JrZWRxA3Mu\n"}}, {"pk": "4fcbd063100f7f91424d4f67e31b2036", "model": "sessions.session", "fields": {"expire_date": "2014-04-19T16:25:54", "session_data": "NGRkNDhiY2U5YzZhMmE0ZjY2NGY4NWEzMmY5OTdkODNkNzI4YjUzNjqAAn1xAVUKdGVzdGNvb2tp\nZXECVQZ3b3JrZWRxA3Mu\n"}}, {"pk": "51a2eca9077c4ca9f07c2779f2531cf2", "model": "sessions.session", "fields": {"expire_date": "2014-04-19T06:57:33", "session_data": "NGRkNDhiY2U5YzZhMmE0ZjY2NGY4NWEzMmY5OTdkODNkNzI4YjUzNjqAAn1xAVUKdGVzdGNvb2tp\nZXECVQZ3b3JrZWRxA3Mu\n"}}, {"pk": "52ea804d74910bda92006152361e0058", "model": "sessions.session", "fields": {"expire_date": "2014-04-23T02:11:39", "session_data": "NGRkNDhiY2U5YzZhMmE0ZjY2NGY4NWEzMmY5OTdkODNkNzI4YjUzNjqAAn1xAVUKdGVzdGNvb2tp\nZXECVQZ3b3JrZWRxA3Mu\n"}}, {"pk": "533c12c2e881875eb06e36453fa7bf58", "model": "sessions.session", "fields": {"expire_date": "2014-04-19T06:57:40", "session_data": "NGRkNDhiY2U5YzZhMmE0ZjY2NGY4NWEzMmY5OTdkODNkNzI4YjUzNjqAAn1xAVUKdGVzdGNvb2tp\nZXECVQZ3b3JrZWRxA3Mu\n"}}, {"pk": "5a364db53729da572957bb95179bf60a", "model": "sessions.session", "fields": {"expire_date": "2014-04-19T16:27:16", "session_data": "NGRkNDhiY2U5YzZhMmE0ZjY2NGY4NWEzMmY5OTdkODNkNzI4YjUzNjqAAn1xAVUKdGVzdGNvb2tp\nZXECVQZ3b3JrZWRxA3Mu\n"}}, {"pk": "5af56a3b8392298e0087bcd787056420", "model": "sessions.session", "fields": {"expire_date": "2014-04-19T05:24:46", "session_data": "NGRkNDhiY2U5YzZhMmE0ZjY2NGY4NWEzMmY5OTdkODNkNzI4YjUzNjqAAn1xAVUKdGVzdGNvb2tp\nZXECVQZ3b3JrZWRxA3Mu\n"}}, {"pk": "5b698d42ca818ffc7a5384182c8bb689", "model": "sessions.session", "fields": {"expire_date": "2014-04-20T01:26:27", "session_data": "NGRkNDhiY2U5YzZhMmE0ZjY2NGY4NWEzMmY5OTdkODNkNzI4YjUzNjqAAn1xAVUKdGVzdGNvb2tp\nZXECVQZ3b3JrZWRxA3Mu\n"}}, {"pk": "5c03f208e68731b7add9c51626fed5c3", "model": "sessions.session", "fields": {"expire_date": "2014-04-19T16:28:14", "session_data": "NGRkNDhiY2U5YzZhMmE0ZjY2NGY4NWEzMmY5OTdkODNkNzI4YjUzNjqAAn1xAVUKdGVzdGNvb2tp\nZXECVQZ3b3JrZWRxA3Mu\n"}}, {"pk": "5eebe59d6245f6426faf4463ce58f0cc", "model": "sessions.session", "fields": {"expire_date": "2014-04-17T20:14:15", "session_data": "NGRkNDhiY2U5YzZhMmE0ZjY2NGY4NWEzMmY5OTdkODNkNzI4YjUzNjqAAn1xAVUKdGVzdGNvb2tp\nZXECVQZ3b3JrZWRxA3Mu\n"}}, {"pk": "6132bfb1fd7fef0838b301228316ed9c", "model": "sessions.session", "fields": {"expire_date": "2014-04-17T20:41:38", "session_data": "NGRkNDhiY2U5YzZhMmE0ZjY2NGY4NWEzMmY5OTdkODNkNzI4YjUzNjqAAn1xAVUKdGVzdGNvb2tp\nZXECVQZ3b3JrZWRxA3Mu\n"}}, {"pk": "663af3a44b902eeeeef12a84a3aaba0a", "model": "sessions.session", "fields": {"expire_date": "2014-04-19T16:26:51", "session_data": "NGRkNDhiY2U5YzZhMmE0ZjY2NGY4NWEzMmY5OTdkODNkNzI4YjUzNjqAAn1xAVUKdGVzdGNvb2tp\nZXECVQZ3b3JrZWRxA3Mu\n"}}, {"pk": "67190398f5f64c6eaa42ddefc0a18391", "model": "sessions.session", "fields": {"expire_date": "2014-04-17T20:40:06", "session_data": "NGRkNDhiY2U5YzZhMmE0ZjY2NGY4NWEzMmY5OTdkODNkNzI4YjUzNjqAAn1xAVUKdGVzdGNvb2tp\nZXECVQZ3b3JrZWRxA3Mu\n"}}, {"pk": "67fc2749ee3bfe1c33d97f55413b84ee", "model": "sessions.session", "fields": {"expire_date": "2014-04-19T16:27:49", "session_data": "NGRkNDhiY2U5YzZhMmE0ZjY2NGY4NWEzMmY5OTdkODNkNzI4YjUzNjqAAn1xAVUKdGVzdGNvb2tp\nZXECVQZ3b3JrZWRxA3Mu\n"}}, {"pk": "68d35c6009c995c884c4656d5d69a767", "model": "sessions.session", "fields": {"expire_date": "2014-04-19T16:28:39", "session_data": "NGRkNDhiY2U5YzZhMmE0ZjY2NGY4NWEzMmY5OTdkODNkNzI4YjUzNjqAAn1xAVUKdGVzdGNvb2tp\nZXECVQZ3b3JrZWRxA3Mu\n"}}, {"pk": "69eaca1218c011e7f1793a2622fec129", "model": "sessions.session", "fields": {"expire_date": "2014-04-17T20:40:56", "session_data": "NGRkNDhiY2U5YzZhMmE0ZjY2NGY4NWEzMmY5OTdkODNkNzI4YjUzNjqAAn1xAVUKdGVzdGNvb2tp\nZXECVQZ3b3JrZWRxA3Mu\n"}}, {"pk": "6a29ba8410be58067cdbd9d36eccf890", "model": "sessions.session", "fields": {"expire_date": "2014-04-17T20:22:03", "session_data": "NGRkNDhiY2U5YzZhMmE0ZjY2NGY4NWEzMmY5OTdkODNkNzI4YjUzNjqAAn1xAVUKdGVzdGNvb2tp\nZXECVQZ3b3JrZWRxA3Mu\n"}}, {"pk": "6a7c6e5e3cd2b9339fd357d01edd2e16", "model": "sessions.session", "fields": {"expire_date": "2014-04-17T20:41:39", "session_data": "NGRkNDhiY2U5YzZhMmE0ZjY2NGY4NWEzMmY5OTdkODNkNzI4YjUzNjqAAn1xAVUKdGVzdGNvb2tp\nZXECVQZ3b3JrZWRxA3Mu\n"}}, {"pk": "6aa0ea3c3b6139de1a5294149fbed3ab", "model": "sessions.session", "fields": {"expire_date": "2014-04-20T20:44:33", "session_data": "NGRkNDhiY2U5YzZhMmE0ZjY2NGY4NWEzMmY5OTdkODNkNzI4YjUzNjqAAn1xAVUKdGVzdGNvb2tp\nZXECVQZ3b3JrZWRxA3Mu\n"}}, {"pk": "740f9ebcd7fcf73bfbd1cbb5d6bd8d8f", "model": "sessions.session", "fields": {"expire_date": "2014-04-17T20:40:11", "session_data": "NGRkNDhiY2U5YzZhMmE0ZjY2NGY4NWEzMmY5OTdkODNkNzI4YjUzNjqAAn1xAVUKdGVzdGNvb2tp\nZXECVQZ3b3JrZWRxA3Mu\n"}}, {"pk": "7f4029e173c8f66c383af75f300fad04", "model": "sessions.session", "fields": {"expire_date": "2014-04-18T18:28:44", "session_data": "NGRkNDhiY2U5YzZhMmE0ZjY2NGY4NWEzMmY5OTdkODNkNzI4YjUzNjqAAn1xAVUKdGVzdGNvb2tp\nZXECVQZ3b3JrZWRxA3Mu\n"}}, {"pk": "800978c2bdde18cb8760aac153ae584d", "model": "sessions.session", "fields": {"expire_date": "2014-04-19T14:04:22", "session_data": "NGRkNDhiY2U5YzZhMmE0ZjY2NGY4NWEzMmY5OTdkODNkNzI4YjUzNjqAAn1xAVUKdGVzdGNvb2tp\nZXECVQZ3b3JrZWRxA3Mu\n"}}, {"pk": "805d1e9038808be56748199f11384d84", "model": "sessions.session", "fields": {"expire_date": "2014-04-20T02:42:14", "session_data": "NGRkNDhiY2U5YzZhMmE0ZjY2NGY4NWEzMmY5OTdkODNkNzI4YjUzNjqAAn1xAVUKdGVzdGNvb2tp\nZXECVQZ3b3JrZWRxA3Mu\n"}}, {"pk": "81662f87861be9947de5b94ebd0fecdb", "model": "sessions.session", "fields": {"expire_date": "2014-04-17T20:22:08", "session_data": "NGRkNDhiY2U5YzZhMmE0ZjY2NGY4NWEzMmY5OTdkODNkNzI4YjUzNjqAAn1xAVUKdGVzdGNvb2tp\nZXECVQZ3b3JrZWRxA3Mu\n"}}, {"pk": "82d3f75b4b7e403f4c931dcaddfc70ae", "model": "sessions.session", "fields": {"expire_date": "2014-04-19T11:32:45", "session_data": "NGRkNDhiY2U5YzZhMmE0ZjY2NGY4NWEzMmY5OTdkODNkNzI4YjUzNjqAAn1xAVUKdGVzdGNvb2tp\nZXECVQZ3b3JrZWRxA3Mu\n"}}, {"pk": "8334fb3fe075f780d16ac2915064f0ec", "model": "sessions.session", "fields": {"expire_date": "2014-04-19T09:01:11", "session_data": "NGRkNDhiY2U5YzZhMmE0ZjY2NGY4NWEzMmY5OTdkODNkNzI4YjUzNjqAAn1xAVUKdGVzdGNvb2tp\nZXECVQZ3b3JrZWRxA3Mu\n"}}, {"pk": "8566945d1ae8ae72abf6924bd84d3a64", "model": "sessions.session", "fields": {"expire_date": "2014-04-17T20:11:36", "session_data": "NGRkNDhiY2U5YzZhMmE0ZjY2NGY4NWEzMmY5OTdkODNkNzI4YjUzNjqAAn1xAVUKdGVzdGNvb2tp\nZXECVQZ3b3JrZWRxA3Mu\n"}}, {"pk": "880db8424c0fbfeaf04fd0c23d1a306d", "model": "sessions.session", "fields": {"expire_date": "2014-04-19T21:39:04", "session_data": "NGRkNDhiY2U5YzZhMmE0ZjY2NGY4NWEzMmY5OTdkODNkNzI4YjUzNjqAAn1xAVUKdGVzdGNvb2tp\nZXECVQZ3b3JrZWRxA3Mu\n"}}, {"pk": "8977ab2a547ca0a137275190de31cb24", "model": "sessions.session", "fields": {"expire_date": "2014-04-19T07:45:23", "session_data": "NGRkNDhiY2U5YzZhMmE0ZjY2NGY4NWEzMmY5OTdkODNkNzI4YjUzNjqAAn1xAVUKdGVzdGNvb2tp\nZXECVQZ3b3JrZWRxA3Mu\n"}}, {"pk": "8bb8155d696854ce22dba3a52cf8e97d", "model": "sessions.session", "fields": {"expire_date": "2014-04-21T17:48:28", "session_data": "OTAwZDFiMjU4YTcxOGZjMDBlNzk1NzVmNWVhMjkyMjFhOTc5YmM4NTqAAn1xAShVEl9hdXRoX3Vz\nZXJfYmFja2VuZHECVSlkamFuZ28uY29udHJpYi5hdXRoLmJhY2tlbmRzLk1vZGVsQmFja2VuZHED\nVQ1fYXV0aF91c2VyX2lkcQSKAQR1Lg==\n"}}, {"pk": "8be68af0c00ecd73915b6651a7a9383a", "model": "sessions.session", "fields": {"expire_date": "2014-04-19T04:32:28", "session_data": "NGRkNDhiY2U5YzZhMmE0ZjY2NGY4NWEzMmY5OTdkODNkNzI4YjUzNjqAAn1xAVUKdGVzdGNvb2tp\nZXECVQZ3b3JrZWRxA3Mu\n"}}, {"pk": "8f7e40f0aa0f2a007fd61017957c4788", "model": "sessions.session", "fields": {"expire_date": "2014-04-19T16:26:02", "session_data": "NGRkNDhiY2U5YzZhMmE0ZjY2NGY4NWEzMmY5OTdkODNkNzI4YjUzNjqAAn1xAVUKdGVzdGNvb2tp\nZXECVQZ3b3JrZWRxA3Mu\n"}}, {"pk": "93e879970cbdaa82226be34e12caf5b8", "model": "sessions.session", "fields": {"expire_date": "2014-04-19T22:54:57", "session_data": "NGRkNDhiY2U5YzZhMmE0ZjY2NGY4NWEzMmY5OTdkODNkNzI4YjUzNjqAAn1xAVUKdGVzdGNvb2tp\nZXECVQZ3b3JrZWRxA3Mu\n"}}, {"pk": "949ddb348f404f455ad888bd8445aa55", "model": "sessions.session", "fields": {"expire_date": "2014-04-20T07:45:23", "session_data": "NGRkNDhiY2U5YzZhMmE0ZjY2NGY4NWEzMmY5OTdkODNkNzI4YjUzNjqAAn1xAVUKdGVzdGNvb2tp\nZXECVQZ3b3JrZWRxA3Mu\n"}}, {"pk": "96170722e5943b45ab27832e27e325c9", "model": "sessions.session", "fields": {"expire_date": "2014-04-19T06:57:27", "session_data": "NjBhZTQxZDk3YTQ1MzMyYzgwNTZmNWE0MWU3ZTI2MWFlY2ZhOWZlZDqAAn1xAS4=\n"}}, {"pk": "990ddf5c3da0a0200129d6bd6e84ce17", "model": "sessions.session", "fields": {"expire_date": "2014-04-18T20:52:07", "session_data": "ZTkwNjI0MDYwMjQzNjljMGVjZDk0OWMwZjE5MDZjZTM4MjFiNGNiNDqAAn1xAVUKdGVzdGNvb2tp\nZVUGd29ya2VkcQJzLg==\n"}}, {"pk": "9922d191f64e8b1560ea61b3d745a798", "model": "sessions.session", "fields": {"expire_date": "2014-04-17T20:44:28", "session_data": "NGRkNDhiY2U5YzZhMmE0ZjY2NGY4NWEzMmY5OTdkODNkNzI4YjUzNjqAAn1xAVUKdGVzdGNvb2tp\nZXECVQZ3b3JrZWRxA3Mu\n"}}, {"pk": "99676a8b83463eeacb16ee911b85275c", "model": "sessions.session", "fields": {"expire_date": "2014-04-20T18:47:22", "session_data": "NGRkNDhiY2U5YzZhMmE0ZjY2NGY4NWEzMmY5OTdkODNkNzI4YjUzNjqAAn1xAVUKdGVzdGNvb2tp\nZXECVQZ3b3JrZWRxA3Mu\n"}}, {"pk": "9a1d4cdcf306d1f4311ba63ad191a779", "model": "sessions.session", "fields": {"expire_date": "2014-04-17T20:14:05", "session_data": "NGRkNDhiY2U5YzZhMmE0ZjY2NGY4NWEzMmY5OTdkODNkNzI4YjUzNjqAAn1xAVUKdGVzdGNvb2tp\nZXECVQZ3b3JrZWRxA3Mu\n"}}, {"pk": "9fcb6109993316257911fc009b03cee2", "model": "sessions.session", "fields": {"expire_date": "2014-04-19T16:27:58", "session_data": "NGRkNDhiY2U5YzZhMmE0ZjY2NGY4NWEzMmY5OTdkODNkNzI4YjUzNjqAAn1xAVUKdGVzdGNvb2tp\nZXECVQZ3b3JrZWRxA3Mu\n"}}, {"pk": "a1b8e64a6b49d3e0023e9fad54216d75", "model": "sessions.session", "fields": {"expire_date": "2014-04-17T20:19:47", "session_data": "NGRkNDhiY2U5YzZhMmE0ZjY2NGY4NWEzMmY5OTdkODNkNzI4YjUzNjqAAn1xAVUKdGVzdGNvb2tp\nZXECVQZ3b3JrZWRxA3Mu\n"}}, {"pk": "a9ba11fa6ec4728913cd843b69e7c0f4", "model": "sessions.session", "fields": {"expire_date": "2014-04-19T16:28:31", "session_data": "NGRkNDhiY2U5YzZhMmE0ZjY2NGY4NWEzMmY5OTdkODNkNzI4YjUzNjqAAn1xAVUKdGVzdGNvb2tp\nZXECVQZ3b3JrZWRxA3Mu\n"}}, {"pk": "aa9bdb9115dd956632124fd3076711d8", "model": "sessions.session", "fields": {"expire_date": "2014-04-19T16:27:25", "session_data": "NGRkNDhiY2U5YzZhMmE0ZjY2NGY4NWEzMmY5OTdkODNkNzI4YjUzNjqAAn1xAVUKdGVzdGNvb2tp\nZXECVQZ3b3JrZWRxA3Mu\n"}}, {"pk": "acad87432305844bab0aa81b73991511", "model": "sessions.session", "fields": {"expire_date": "2014-04-17T20:13:42", "session_data": "NGRkNDhiY2U5YzZhMmE0ZjY2NGY4NWEzMmY5OTdkODNkNzI4YjUzNjqAAn1xAVUKdGVzdGNvb2tp\nZXECVQZ3b3JrZWRxA3Mu\n"}}, {"pk": "adab2a29b4fe3d46e52d701a6cc1ad86", "model": "sessions.session", "fields": {"expire_date": "2014-04-18T15:37:07", "session_data": "NGRkNDhiY2U5YzZhMmE0ZjY2NGY4NWEzMmY5OTdkODNkNzI4YjUzNjqAAn1xAVUKdGVzdGNvb2tp\nZXECVQZ3b3JrZWRxA3Mu\n"}}, {"pk": "ae208e121b6c85b2600b98fae8fd195c", "model": "sessions.session", "fields": {"expire_date": "2014-04-18T17:10:22", "session_data": "NGRkNDhiY2U5YzZhMmE0ZjY2NGY4NWEzMmY5OTdkODNkNzI4YjUzNjqAAn1xAVUKdGVzdGNvb2tp\nZXECVQZ3b3JrZWRxA3Mu\n"}}, {"pk": "af6148a6678b13b42ce49dac5d8867cb", "model": "sessions.session", "fields": {"expire_date": "2014-04-17T20:21:43", "session_data": "NGRkNDhiY2U5YzZhMmE0ZjY2NGY4NWEzMmY5OTdkODNkNzI4YjUzNjqAAn1xAVUKdGVzdGNvb2tp\nZXECVQZ3b3JrZWRxA3Mu\n"}}, {"pk": "b06a749811985f92a9ad0a29e59009c3", "model": "sessions.session", "fields": {"expire_date": "2014-04-19T06:57:25", "session_data": "NGRkNDhiY2U5YzZhMmE0ZjY2NGY4NWEzMmY5OTdkODNkNzI4YjUzNjqAAn1xAVUKdGVzdGNvb2tp\nZXECVQZ3b3JrZWRxA3Mu\n"}}, {"pk": "b0a6a37b04ea2a063f744e93a8b87282", "model": "sessions.session", "fields": {"expire_date": "2014-04-17T20:18:07", "session_data": "NGRkNDhiY2U5YzZhMmE0ZjY2NGY4NWEzMmY5OTdkODNkNzI4YjUzNjqAAn1xAVUKdGVzdGNvb2tp\nZXECVQZ3b3JrZWRxA3Mu\n"}}, {"pk": "b0d58c57bf59fa528e9c71283ed4cbe5", "model": "sessions.session", "fields": {"expire_date": "2014-04-19T16:24:42", "session_data": "NGRkNDhiY2U5YzZhMmE0ZjY2NGY4NWEzMmY5OTdkODNkNzI4YjUzNjqAAn1xAVUKdGVzdGNvb2tp\nZXECVQZ3b3JrZWRxA3Mu\n"}}, {"pk": "b21e6089c6d2d9234de041017b47afe0", "model": "sessions.session", "fields": {"expire_date": "2014-04-20T10:16:57", "session_data": "NGRkNDhiY2U5YzZhMmE0ZjY2NGY4NWEzMmY5OTdkODNkNzI4YjUzNjqAAn1xAVUKdGVzdGNvb2tp\nZXECVQZ3b3JrZWRxA3Mu\n"}}, {"pk": "b359b192927598ade03a2762b650126a", "model": "sessions.session", "fields": {"expire_date": "2014-04-17T20:20:11", "session_data": "NGRkNDhiY2U5YzZhMmE0ZjY2NGY4NWEzMmY5OTdkODNkNzI4YjUzNjqAAn1xAVUKdGVzdGNvb2tp\nZXECVQZ3b3JrZWRxA3Mu\n"}}, {"pk": "b3ef6b9786181347a6a59494a3147310", "model": "sessions.session", "fields": {"expire_date": "2014-04-17T20:19:58", "session_data": "NGRkNDhiY2U5YzZhMmE0ZjY2NGY4NWEzMmY5OTdkODNkNzI4YjUzNjqAAn1xAVUKdGVzdGNvb2tp\nZXECVQZ3b3JrZWRxA3Mu\n"}}, {"pk": "b5411e0429f3752e81166cb8727fb63a", "model": "sessions.session", "fields": {"expire_date": "2014-04-21T19:14:40", "session_data": "NGRkNDhiY2U5YzZhMmE0ZjY2NGY4NWEzMmY5OTdkODNkNzI4YjUzNjqAAn1xAVUKdGVzdGNvb2tp\nZXECVQZ3b3JrZWRxA3Mu\n"}}, {"pk": "b632f1cfe4aa2f5963f35028e04d0f3e", "model": "sessions.session", "fields": {"expire_date": "2014-04-17T20:20:20", "session_data": "NGRkNDhiY2U5YzZhMmE0ZjY2NGY4NWEzMmY5OTdkODNkNzI4YjUzNjqAAn1xAVUKdGVzdGNvb2tp\nZXECVQZ3b3JrZWRxA3Mu\n"}}, {"pk": "b7ccab88ffd9955f91712cd773877a71", "model": "sessions.session", "fields": {"expire_date": "2014-04-19T16:28:51", "session_data": "NGRkNDhiY2U5YzZhMmE0ZjY2NGY4NWEzMmY5OTdkODNkNzI4YjUzNjqAAn1xAVUKdGVzdGNvb2tp\nZXECVQZ3b3JrZWRxA3Mu\n"}}, {"pk": "bac5a6a0980bc4de15904b16ba04ccc0", "model": "sessions.session", "fields": {"expire_date": "2014-04-17T20:44:23", "session_data": "NGRkNDhiY2U5YzZhMmE0ZjY2NGY4NWEzMmY5OTdkODNkNzI4YjUzNjqAAn1xAVUKdGVzdGNvb2tp\nZXECVQZ3b3JrZWRxA3Mu\n"}}, {"pk": "c1cd5052e290fb68d14cac98986d4ddc", "model": "sessions.session", "fields": {"expire_date": "2014-04-22T04:23:20", "session_data": "ZTkwNjI0MDYwMjQzNjljMGVjZDk0OWMwZjE5MDZjZTM4MjFiNGNiNDqAAn1xAVUKdGVzdGNvb2tp\nZVUGd29ya2VkcQJzLg==\n"}}, {"pk": "c317e4214ad18f097d45d770923c0f8b", "model": "sessions.session", "fields": {"expire_date": "2014-04-19T16:26:27", "session_data": "NGRkNDhiY2U5YzZhMmE0ZjY2NGY4NWEzMmY5OTdkODNkNzI4YjUzNjqAAn1xAVUKdGVzdGNvb2tp\nZXECVQZ3b3JrZWRxA3Mu\n"}}, {"pk": "c5537da440c2f20f248e9441c71a5ee6", "model": "sessions.session", "fields": {"expire_date": "2014-04-25T13:12:05", "session_data": "NTAwNTU3ZWNhZmIyMDMzZjEzZjQ5ZWY2Y2VmOGU0YmFmY2U4NjEzZjqAAn1xAShVEl9hdXRoX3Vz\nZXJfYmFja2VuZFUpZGphbmdvLmNvbnRyaWIuYXV0aC5iYWNrZW5kcy5Nb2RlbEJhY2tlbmRxAlUN\nX2F1dGhfdXNlcl9pZIoBBHUu\n"}}, {"pk": "c9cfcdbee9d0df5df8d3632c99cc7d0a", "model": "sessions.session", "fields": {"expire_date": "2014-04-19T16:24:38", "session_data": "NGRkNDhiY2U5YzZhMmE0ZjY2NGY4NWEzMmY5OTdkODNkNzI4YjUzNjqAAn1xAVUKdGVzdGNvb2tp\nZXECVQZ3b3JrZWRxA3Mu\n"}}, {"pk": "cb4c32352a1b69c2e26da454f6cc202a", "model": "sessions.session", "fields": {"expire_date": "2014-04-22T02:21:32", "session_data": "ZTkwNjI0MDYwMjQzNjljMGVjZDk0OWMwZjE5MDZjZTM4MjFiNGNiNDqAAn1xAVUKdGVzdGNvb2tp\nZVUGd29ya2VkcQJzLg==\n"}}, {"pk": "cb51ee3789081c3567bbb81d6ca7546d", "model": "sessions.session", "fields": {"expire_date": "2014-04-21T18:14:33", "session_data": "NGRkNDhiY2U5YzZhMmE0ZjY2NGY4NWEzMmY5OTdkODNkNzI4YjUzNjqAAn1xAVUKdGVzdGNvb2tp\nZXECVQZ3b3JrZWRxA3Mu\n"}}, {"pk": "cf2b06bcf3a57a97466d01c33a057478", "model": "sessions.session", "fields": {"expire_date": "2014-04-19T16:26:18", "session_data": "NGRkNDhiY2U5YzZhMmE0ZjY2NGY4NWEzMmY5OTdkODNkNzI4YjUzNjqAAn1xAVUKdGVzdGNvb2tp\nZXECVQZ3b3JrZWRxA3Mu\n"}}, {"pk": "d0101f55a8ba760a7f5b7e4784020d43", "model": "sessions.session", "fields": {"expire_date": "2014-04-20T05:13:49", "session_data": "NGRkNDhiY2U5YzZhMmE0ZjY2NGY4NWEzMmY5OTdkODNkNzI4YjUzNjqAAn1xAVUKdGVzdGNvb2tp\nZXECVQZ3b3JrZWRxA3Mu\n"}}, {"pk": "d25f6bfd42f8dbb89d22b24a04b68e05", "model": "sessions.session", "fields": {"expire_date": "2014-04-20T19:45:37", "session_data": "NGRkNDhiY2U5YzZhMmE0ZjY2NGY4NWEzMmY5OTdkODNkNzI4YjUzNjqAAn1xAVUKdGVzdGNvb2tp\nZXECVQZ3b3JrZWRxA3Mu\n"}}, {"pk": "d516adf744cab47f48837f9875796593", "model": "sessions.session", "fields": {"expire_date": "2014-04-20T09:01:11", "session_data": "NGRkNDhiY2U5YzZhMmE0ZjY2NGY4NWEzMmY5OTdkODNkNzI4YjUzNjqAAn1xAVUKdGVzdGNvb2tp\nZXECVQZ3b3JrZWRxA3Mu\n"}}, {"pk": "d5550dcbc7f6d524eb4b778ef59abfad", "model": "sessions.session", "fields": {"expire_date": "2014-04-17T20:27:57", "session_data": "NGRkNDhiY2U5YzZhMmE0ZjY2NGY4NWEzMmY5OTdkODNkNzI4YjUzNjqAAn1xAVUKdGVzdGNvb2tp\nZXECVQZ3b3JrZWRxA3Mu\n"}}, {"pk": "d563b85079435d62966f5507e51647ed", "model": "sessions.session", "fields": {"expire_date": "2014-04-19T16:27:33", "session_data": "NGRkNDhiY2U5YzZhMmE0ZjY2NGY4NWEzMmY5OTdkODNkNzI4YjUzNjqAAn1xAVUKdGVzdGNvb2tp\nZXECVQZ3b3JrZWRxA3Mu\n"}}, {"pk": "d807f94b68513d2226bdf76b7eb9afbe", "model": "sessions.session", "fields": {"expire_date": "2014-04-17T20:11:37", "session_data": "NGRkNDhiY2U5YzZhMmE0ZjY2NGY4NWEzMmY5OTdkODNkNzI4YjUzNjqAAn1xAVUKdGVzdGNvb2tp\nZXECVQZ3b3JrZWRxA3Mu\n"}}, {"pk": "d80cfc440dc4e09ea41b4047d08cf031", "model": "sessions.session", "fields": {"expire_date": "2014-04-17T20:40:06", "session_data": "NGRkNDhiY2U5YzZhMmE0ZjY2NGY4NWEzMmY5OTdkODNkNzI4YjUzNjqAAn1xAVUKdGVzdGNvb2tp\nZXECVQZ3b3JrZWRxA3Mu\n"}}, {"pk": "d94b634a6f14795524e3aa04d9cb4e41", "model": "sessions.session", "fields": {"expire_date": "2014-04-19T16:27:08", "session_data": "NGRkNDhiY2U5YzZhMmE0ZjY2NGY4NWEzMmY5OTdkODNkNzI4YjUzNjqAAn1xAVUKdGVzdGNvb2tp\nZXECVQZ3b3JrZWRxA3Mu\n"}}, {"pk": "da514338cbaca65a1ad2ef9a520bb59e", "model": "sessions.session", "fields": {"expire_date": "2014-04-17T20:44:35", "session_data": "NjBhZTQxZDk3YTQ1MzMyYzgwNTZmNWE0MWU3ZTI2MWFlY2ZhOWZlZDqAAn1xAS4=\n"}}, {"pk": "db3f599b05bb3f514d74cdd74e85c9bc", "model": "sessions.session", "fields": {"expire_date": "2014-04-19T17:51:42", "session_data": "NGRkNDhiY2U5YzZhMmE0ZjY2NGY4NWEzMmY5OTdkODNkNzI4YjUzNjqAAn1xAVUKdGVzdGNvb2tp\nZXECVQZ3b3JrZWRxA3Mu\n"}}, {"pk": "dbae461b11532029f19e6f80b6cabfc7", "model": "sessions.session", "fields": {"expire_date": "2014-04-17T20:40:47", "session_data": "NGRkNDhiY2U5YzZhMmE0ZjY2NGY4NWEzMmY5OTdkODNkNzI4YjUzNjqAAn1xAVUKdGVzdGNvb2tp\nZXECVQZ3b3JrZWRxA3Mu\n"}}, {"pk": "e27a34153a00a568da945105577b84e2", "model": "sessions.session", "fields": {"expire_date": "2014-04-20T03:58:02", "session_data": "NGRkNDhiY2U5YzZhMmE0ZjY2NGY4NWEzMmY5OTdkODNkNzI4YjUzNjqAAn1xAVUKdGVzdGNvb2tp\nZXECVQZ3b3JrZWRxA3Mu\n"}}, {"pk": "e55794ede89faf417cfdd1fdc340f8d5", "model": "sessions.session", "fields": {"expire_date": "2014-04-19T16:26:43", "session_data": "NGRkNDhiY2U5YzZhMmE0ZjY2NGY4NWEzMmY5OTdkODNkNzI4YjUzNjqAAn1xAVUKdGVzdGNvb2tp\nZXECVQZ3b3JrZWRxA3Mu\n"}}, {"pk": "e7c5036a0754c53e52d57d08c37e1f07", "model": "sessions.session", "fields": {"expire_date": "2014-04-25T20:23:56", "session_data": "ZTkwNjI0MDYwMjQzNjljMGVjZDk0OWMwZjE5MDZjZTM4MjFiNGNiNDqAAn1xAVUKdGVzdGNvb2tp\nZVUGd29ya2VkcQJzLg==\n"}}, {"pk": "ec564b25497ad2b17252f734ef4c0645", "model": "sessions.session", "fields": {"expire_date": "2014-04-19T16:26:10", "session_data": "NGRkNDhiY2U5YzZhMmE0ZjY2NGY4NWEzMmY5OTdkODNkNzI4YjUzNjqAAn1xAVUKdGVzdGNvb2tp\nZXECVQZ3b3JrZWRxA3Mu\n"}}, {"pk": "f1fa2d2df931a18666943d1e51cd4150", "model": "sessions.session", "fields": {"expire_date": "2014-04-20T16:54:55", "session_data": "NGRkNDhiY2U5YzZhMmE0ZjY2NGY4NWEzMmY5OTdkODNkNzI4YjUzNjqAAn1xAVUKdGVzdGNvb2tp\nZXECVQZ3b3JrZWRxA3Mu\n"}}, {"pk": "f37774c23cd015ca417f4d93d1ad4d4f", "model": "sessions.session", "fields": {"expire_date": "2014-04-17T20:36:22", "session_data": "NGRkNDhiY2U5YzZhMmE0ZjY2NGY4NWEzMmY5OTdkODNkNzI4YjUzNjqAAn1xAVUKdGVzdGNvb2tp\nZXECVQZ3b3JrZWRxA3Mu\n"}}, {"pk": "f6265ae4d017ff9e0ee33e3d6b597e03", "model": "sessions.session", "fields": {"expire_date": "2014-04-19T06:57:43", "session_data": "NGRkNDhiY2U5YzZhMmE0ZjY2NGY4NWEzMmY5OTdkODNkNzI4YjUzNjqAAn1xAVUKdGVzdGNvb2tp\nZXECVQZ3b3JrZWRxA3Mu\n"}}, {"pk": "f6d95a70ddf04a8fd801f5ffb31bcd7d", "model": "sessions.session", "fields": {"expire_date": "2014-04-18T22:13:31", "session_data": "NGRkNDhiY2U5YzZhMmE0ZjY2NGY4NWEzMmY5OTdkODNkNzI4YjUzNjqAAn1xAVUKdGVzdGNvb2tp\nZXECVQZ3b3JrZWRxA3Mu\n"}}, {"pk": "f855435c9382c2a5a586bb837eb98981", "model": "sessions.session", "fields": {"expire_date": "2014-04-18T18:30:00", "session_data": "NGRkNDhiY2U5YzZhMmE0ZjY2NGY4NWEzMmY5OTdkODNkNzI4YjUzNjqAAn1xAVUKdGVzdGNvb2tp\nZXECVQZ3b3JrZWRxA3Mu\n"}}, {"pk": "f95d4940565dbcc74bc36cbcbb232e16", "model": "sessions.session", "fields": {"expire_date": "2014-04-19T16:28:06", "session_data": "NGRkNDhiY2U5YzZhMmE0ZjY2NGY4NWEzMmY5OTdkODNkNzI4YjUzNjqAAn1xAVUKdGVzdGNvb2tp\nZXECVQZ3b3JrZWRxA3Mu\n"}}, {"pk": "f9a5b27f2d9b158d30f4f21a3aa7ab62", "model": "sessions.session", "fields": {"expire_date": "2014-04-18T15:39:21", "session_data": "NGRkNDhiY2U5YzZhMmE0ZjY2NGY4NWEzMmY5OTdkODNkNzI4YjUzNjqAAn1xAVUKdGVzdGNvb2tp\nZXECVQZ3b3JrZWRxA3Mu\n"}}, {"pk": "fc1cd8fab06c55ab871e4b548973fc2b", "model": "sessions.session", "fields": {"expire_date": "2014-04-17T20:11:42", "session_data": "NGRkNDhiY2U5YzZhMmE0ZjY2NGY4NWEzMmY5OTdkODNkNzI4YjUzNjqAAn1xAVUKdGVzdGNvb2tp\nZXECVQZ3b3JrZWRxA3Mu\n"}}, {"pk": "fcd07331f0a16a13a4a806081df18b0b", "model": "sessions.session", "fields": {"expire_date": "2014-04-19T19:07:30", "session_data": "NGRkNDhiY2U5YzZhMmE0ZjY2NGY4NWEzMmY5OTdkODNkNzI4YjUzNjqAAn1xAVUKdGVzdGNvb2tp\nZXECVQZ3b3JrZWRxA3Mu\n"}}, {"pk": "fd219b9ae2eb766150af45c242fb0f00", "model": "sessions.session", "fields": {"expire_date": "2014-04-19T16:27:41", "session_data": "NGRkNDhiY2U5YzZhMmE0ZjY2NGY4NWEzMmY5OTdkODNkNzI4YjUzNjqAAn1xAVUKdGVzdGNvb2tp\nZXECVQZ3b3JrZWRxA3Mu\n"}}, {"pk": "fe68ae2caffcbc50b8a131c7e46c1c8f", "model": "sessions.session", "fields": {"expire_date": "2014-04-18T15:41:22", "session_data": "NGRkNDhiY2U5YzZhMmE0ZjY2NGY4NWEzMmY5OTdkODNkNzI4YjUzNjqAAn1xAVUKdGVzdGNvb2tp\nZXECVQZ3b3JrZWRxA3Mu\n"}}, {"pk": 1, "model": "sites.site", "fields": {"domain": "example.com", "name": "example.com"}}, {"pk": 4, "model": "src.portfolio", "fields": {"name": "Cross Asset", "user": "demo"}}, {"pk": 2, "model": "src.portfolio", "fields": {"name": "Derivatives", "user": "demo"}}, {"pk": 5, "model": "src.portfolio", "fields": {"name": "Fixed Income", "user": "demo"}}, {"pk": 1, "model": "src.portfolio", "fields": {"name": "TEST1", "user": "test1"}}, {"pk": 1, "model": "src.modelposition", "fields": {"portfolio": 1, "amount": 100.0, "ticker": "TEST1", "positionType": "EQUITY", "asOf": "2011-09-12"}}, {"pk": 2, "model": "src.modelposition", "fields": {"portfolio": 1, "amount": 100.0, "ticker": "TEST2", "positionType": "EQUITY", "asOf": "2011-09-12"}}, {"pk": 3, "model": "src.modelposition", "fields": {"portfolio": 1, "amount": 100.0, "ticker": "TEST1", "positionType": "BOND", "asOf": "2011-09-12"}}, {"pk": 4, "model": "src.modelposition", "fields": {"portfolio": 1, "amount": 100.0, "ticker": "TEST1", "positionType": "EQUITY", "asOf": "2011-08-30"}}, {"pk": 5, "model": "src.modelposition", "fields": {"portfolio": 1, "amount": 100.0, "ticker": "TEST2", "positionType": "EQUITY", "asOf": "2011-08-30"}}, {"pk": 6, "model": "src.modelposition", "fields": {"portfolio": 1, "amount": 100.0, "ticker": "TEST1", "positionType": "BOND", "asOf": "2011-08-30"}}, {"pk": 7, "model": "src.modelposition", "fields": {"portfolio": 1, "amount": 1000.0, "ticker": "Cash", "positionType": "CASH", "asOf": "2011-08-30"}}, {"pk": 8, "model": "src.modelposition", "fields": {"portfolio": 4, "amount": 25000000.0, "ticker": "Pay_1.25_Libor+15_15JAN26", "positionType": "SWAP", "asOf": "2011-09-12"}}, {"pk": 9, "model": "src.modelposition", "fields": {"portfolio": 2, "amount": 12000000.0, "ticker": "Pay_1.25_Libor+15_15JAN26", "positionType": "SWAP", "asOf": "2011-09-12"}}, {"pk": 10, "model": "src.modelposition", "fields": {"portfolio": 2, "amount": 33000000.0, "ticker": "Pay_0.87_Libor+00_28JUL18", "positionType": "SWAP", "asOf": "2011-09-12"}}, {"pk": 11, "model": "src.modelposition", "fields": {"portfolio": 4, "amount": -5000000.0, "ticker": "Cash", "positionType": "CASH", "asOf": "2011-09-12"}}, {"pk": 1, "model": "src.equity", "fields": {"assetType": "EQUITYUS", "ticker": "TEST1"}}, {"pk": 2, "model": "src.equity", "fields": {"assetType": "EQUITYUS", "ticker": "TEST2"}}, {"pk": 3, "model": "src.equity", "fields": {"assetType": "EQUITYUS", "ticker": "ALU"}}, {"pk": 4, "model": "src.equity", "fields": {"assetType": "EQUITYUS", "ticker": "C"}}, {"pk": 5, "model": "src.equity", "fields": {"assetType": "EQUITYUS", "ticker": "CMCSA"}}, {"pk": 6, "model": "src.equity", "fields": {"assetType": "EQUITYUS", "ticker": "CSCO"}}, {"pk": 7, "model": "src.equity", "fields": {"assetType": "EQUITYUS", "ticker": "GE"}}, {"pk": 8, "model": "src.equity", "fields": {"assetType": "EQUITYUS", "ticker": "HD"}}, {"pk": 9, "model": "src.equity", "fields": {"assetType": "EQUITYUS", "ticker": "IBM"}}, {"pk": 10, "model": "src.equity", "fields": {"assetType": "EQUITYUS", "ticker": "INTC"}}, {"pk": 11, "model": "src.equity", "fields": {"assetType": "EQUITYUS", "ticker": "JNJ"}}, {"pk": 12, "model": "src.equity", "fields": {"assetType": "EQUITYUS", "ticker": "LSI"}}, {"pk": 13, "model": "src.equity", "fields": {"assetType": "EQUITYUS", "ticker": "MRK"}}, {"pk": 14, "model": "src.equity", "fields": {"assetType": "EQUITYUS", "ticker": "MSFT"}}, {"pk": 15, "model": "src.equity", "fields": {"assetType": "EQUITYUS", "ticker": "PFE"}}, {"pk": 16, "model": "src.equity", "fields": {"assetType": "EQUITYUS", "ticker": "T"}}, {"pk": 17, "model": "src.equity", "fields": {"assetType": "EQUITYUS", "ticker": "TWX"}}, {"pk": 18, "model": "src.equity", "fields": {"assetType": "EQUITYUS", "ticker": "VZ"}}, {"pk": 19, "model": "src.equity", "fields": {"assetType": "EQUITYUS", "ticker": "WMT"}}, {"pk": 20, "model": "src.equity", "fields": {"assetType": "EQUITYUS", "ticker": "GOOG"}}, {"pk": 21, "model": "src.equity", "fields": {"assetType": "EQUITYUS", "ticker": "MSY"}}, {"pk": 22, "model": "src.equity", "fields": {"assetType": "EQUITYUS", "ticker": "GS"}}, {"pk": 1, "model": "src.location", "fields": {"name": "Test1", "pricingDate": "2011-09-12"}}, {"pk": 1, "model": "src.hvarconfiguration", "fields": {"startDate": "2011-08-30", "stepUnit": "D", "name": "TEST1", "marketId": "TEST1", "stepSize": 1, "endDate": "2011-09-12", "calendar": "US", "confLevel": 0.95}}, {"pk": 2, "model": "src.hvarconfiguration", "fields": {"startDate": "2000-07-03", "stepUnit": "M", "name": "2001 Tech Crash", "marketId": "TEST1", "stepSize": 1, "endDate": "2003-07-03", "calendar": "US", "confLevel": 0.95}}, {"pk": 3, "model": "src.hvarconfiguration", "fields": {"startDate": "2007-06-15", "stepUnit": "M", "name": "2008 Real Estate Crash", "marketId": "TEST1", "stepSize": 1, "endDate": "2009-06-15", "calendar": "US", "confLevel": 0.95}}, {"pk": 1, "model": "src.identifier", "fields": {"type": "CUSIP", "name": "123456789"}}, {"pk": 4, "model": "src.identifier", "fields": {"type": "CUSIP", "name": "745141B89"}}, {"pk": 2, "model": "src.identifier", "fields": {"type": "CUSIP", "name": "745141E86"}}, {"pk": 5, "model": "src.identifier", "fields": {"type": "CUSIP", "name": "74529JAPO"}}, {"pk": 1, "model": "src.tcbond", "fields": {"paymentFrequency": "S", "startDate": "2010-09-12", "paymentRollRule": "MF", "ccy": "USD", "name": "TEST1", "basis": "30360", "coupon": 0.01, "assetType": "NYMUNIBOND", "identifiers": 1, "endDate": "2020-09-12", "paymentCalendar": "US"}}, {"pk": 2, "model": "src.tcbond", "fields": {"paymentFrequency": "S", "startDate": "2005-07-01", "paymentRollRule": "MF", "ccy": "USD", "name": "PR_8.00_JUL35", "basis": "30360", "coupon": 0.08, "assetType": "OTHER", "identifiers": 2, "endDate": "2035-07-01", "paymentCalendar": "US"}}, {"pk": 3, "model": "src.tcbond", "fields": {"paymentFrequency": "S", "startDate": "2011-07-01", "paymentRollRule": "MF", "ccy": "USD", "name": "PR_5.00_JUL41", "basis": "30360", "coupon": 0.05, "assetType": "OTHER", "identifiers": 4, "endDate": "2041-07-01", "paymentCalendar": "US"}}, {"pk": 4, "model": "src.tcbond", "fields": {"paymentFrequency": "S", "startDate": "2014-08-01", "paymentRollRule": "MF", "ccy": "USD", "name": "PR_ZERO_AUG54", "basis": "30360", "coupon": 0.0, "assetType": "OTHER", "identifiers": 5, "endDate": "2054-08-01", "paymentCalendar": "US"}}, {"pk": 1, "model": "src.tcswap", "fields": {"startDate": "2015-01-15", "floatingPaymentRollRule": "MF", "floatingIndex": "LIBOR", "ccy": "USD", "name": "Pay_1.25_Libor+15_15JAN26", "fixedPaymentCalendar": "US", "floatingSpread": 0.0015, "floatingPaymentCalendar": "US", "fixedBasis": "A360", "fixedPaymentFrequency": "S", "floatingBasis": "A360", "floatingIndexTerm": "M", "floatingResetRollRule": "MF", "fixedPaymentRollRule": "MF", "floatingResetFrequency": "S", "floatingPaymentFrequency": "Q", "floatingResetCalendar": "US", "endDate": "2026-01-15", "floatingIndexNumTerms": 3, "fixedCoupon": 0.0125}}, {"pk": 2, "model": "src.tcswap", "fields": {"startDate": "2015-07-28", "floatingPaymentRollRule": "MF", "floatingIndex": "LIBOR", "ccy": "USD", "name": "Pay_0.87_Libor+00_28JUL18", "fixedPaymentCalendar": "US", "floatingSpread": 0.0, "floatingPaymentCalendar": "US", "fixedBasis": "30360", "fixedPaymentFrequency": "S", "floatingBasis": "A360", "floatingIndexTerm": "M", "floatingResetRollRule": "MF", "fixedPaymentRollRule": "MF", "floatingResetFrequency": "S", "floatingPaymentFrequency": "Q", "floatingResetCalendar": "US", "endDate": "2018-07-28", "floatingIndexNumTerms": 3, "fixedCoupon": 0.0087}}, {"pk": 13, "model": "src.interestrate", "fields": {"numTerms": 1, "term": "M", "type": "Deposit", "mid": 0.01, "curve": 1}}, {"pk": 14, "model": "src.interestrate", "fields": {"numTerms": 3, "term": "M", "type": "Deposit", "mid": 0.01, "curve": 1}}, {"pk": 15, "model": "src.interestrate", "fields": {"numTerms": 1, "term": "Y", "type": "Deposit", "mid": 0.01, "curve": 1}}, {"pk": 16, "model": "src.interestrate", "fields": {"numTerms": 30, "term": "Y", "type": "Deposit", "mid": 0.01, "curve": 1}}, {"pk": 17, "model": "src.interestrate", "fields": {"numTerms": 1, "term": "M", "type": "Deposit", "mid": 0.011, "curve": 3}}, {"pk": 18, "model": "src.interestrate", "fields": {"numTerms": 3, "term": "M", "type": "Deposit", "mid": 0.011, "curve": 3}}, {"pk": 19, "model": "src.interestrate", "fields": {"numTerms": 1, "term": "Y", "type": "Deposit", "mid": 0.011, "curve": 3}}, {"pk": 20, "model": "src.interestrate", "fields": {"numTerms": 30, "term": "Y", "type": "Deposit", "mid": 0.011, "curve": 3}}, {"pk": 21, "model": "src.interestrate", "fields": {"numTerms": 1, "term": "M", "type": "Deposit", "mid": 0.002, "curve": 4}}, {"pk": 22, "model": "src.interestrate", "fields": {"numTerms": 3, "term": "M", "type": "Deposit", "mid": 0.002, "curve": 4}}, {"pk": 23, "model": "src.interestrate", "fields": {"numTerms": 1, "term": "Y", "type": "Deposit", "mid": 0.002, "curve": 4}}, {"pk": 24, "model": "src.interestrate", "fields": {"numTerms": 30, "term": "Y", "type": "Deposit", "mid": 0.002, "curve": 4}}, {"pk": 25, "model": "src.interestrate", "fields": {"numTerms": 1, "term": "M", "type": "Deposit", "mid": 0.01, "curve": 5}}, {"pk": 26, "model": "src.interestrate", "fields": {"numTerms": 3, "term": "M", "type": "Deposit", "mid": 0.01, "curve": 5}}, {"pk": 27, "model": "src.interestrate", "fields": {"numTerms": 1, "term": "Y", "type": "Deposit", "mid": 0.01, "curve": 5}}, {"pk": 28, "model": "src.interestrate", "fields": {"numTerms": 30, "term": "Y", "type": "Deposit", "mid": 0.01, "curve": 5}}, {"pk": 29, "model": "src.interestrate", "fields": {"numTerms": 1, "term": "M", "type": "Deposit", "mid": 0.03, "curve": 6}}, {"pk": 30, "model": "src.interestrate", "fields": {"numTerms": 3, "term": "M", "type": "Deposit", "mid": 0.03, "curve": 6}}, {"pk": 31, "model": "src.interestrate", "fields": {"numTerms": 1, "term": "Y", "type": "Deposit", "mid": 0.03, "curve": 6}}, {"pk": 32, "model": "src.interestrate", "fields": {"numTerms": 30, "term": "Y", "type": "Deposit", "mid": 0.03, "curve": 6}}, {"pk": 33, "model": "src.interestrate", "fields": {"numTerms": 1, "term": "M", "type": "Deposit", "mid": 0.009, "curve": 7}}, {"pk": 34, "model": "src.interestrate", "fields": {"numTerms": 3, "term": "M", "type": "Deposit", "mid": 0.009, "curve": 7}}, {"pk": 35, "model": "src.interestrate", "fields": {"numTerms": 1, "term": "Y", "type": "Deposit", "mid": 0.009, "curve": 7}}, {"pk": 36, "model": "src.interestrate", "fields": {"numTerms": 30, "term": "Y", "type": "Deposit", "mid": 0.009, "curve": 7}}, {"pk": 37, "model": "src.interestrate", "fields": {"numTerms": 1, "term": "M", "type": "Deposit", "mid": 0.01, "curve": 8}}, {"pk": 38, "model": "src.interestrate", "fields": {"numTerms": 3, "term": "M", "type": "Deposit", "mid": 0.01, "curve": 8}}, {"pk": 39, "model": "src.interestrate", "fields": {"numTerms": 1, "term": "Y", "type": "Deposit", "mid": 0.01, "curve": 8}}, {"pk": 40, "model": "src.interestrate", "fields": {"numTerms": 30, "term": "Y", "type": "Deposit", "mid": 0.01, "curve": 8}}, {"pk": 41, "model": "src.interestrate", "fields": {"numTerms": 1, "term": "M", "type": "Deposit", "mid": 0.02, "curve": 9}}, {"pk": 42, "model": "src.interestrate", "fields": {"numTerms": 3, "term": "M", "type": "Deposit", "mid": 0.02, "curve": 9}}, {"pk": 43, "model": "src.interestrate", "fields": {"numTerms": 1, "term": "Y", "type": "Deposit", "mid": 0.02, "curve": 9}}, {"pk": 44, "model": "src.interestrate", "fields": {"numTerms": 30, "term": "Y", "type": "Deposit", "mid": 0.02, "curve": 9}}, {"pk": 45, "model": "src.interestrate", "fields": {"numTerms": 1, "term": "M", "type": "Deposit", "mid": 0.03, "curve": 10}}, {"pk": 46, "model": "src.interestrate", "fields": {"numTerms": 3, "term": "M", "type": "Deposit", "mid": 0.03, "curve": 10}}, {"pk": 47, "model": "src.interestrate", "fields": {"numTerms": 1, "term": "Y", "type": "Deposit", "mid": 0.03, "curve": 10}}, {"pk": 48, "model": "src.interestrate", "fields": {"numTerms": 30, "term": "Y", "type": "Deposit", "mid": 0.03, "curve": 10}}, {"pk": 49, "model": "src.interestrate", "fields": {"numTerms": 1, "term": "M", "type": "Deposit", "mid": 0.01, "curve": 11}}, {"pk": 50, "model": "src.interestrate", "fields": {"numTerms": 3, "term": "M", "type": "Deposit", "mid": 0.01, "curve": 11}}, {"pk": 51, "model": "src.interestrate", "fields": {"numTerms": 1, "term": "Y", "type": "Deposit", "mid": 0.01, "curve": 11}}, {"pk": 52, "model": "src.interestrate", "fields": {"numTerms": 30, "term": "Y", "type": "Deposit", "mid": 0.01, "curve": 11}}, {"pk": 53, "model": "src.interestrate", "fields": {"numTerms": 1, "term": "M", "type": "Deposit", "mid": 0.01, "curve": 12}}, {"pk": 54, "model": "src.interestrate", "fields": {"numTerms": 3, "term": "M", "type": "Deposit", "mid": 0.01, "curve": 12}}, {"pk": 55, "model": "src.interestrate", "fields": {"numTerms": 1, "term": "Y", "type": "Deposit", "mid": 0.01, "curve": 12}}, {"pk": 56, "model": "src.interestrate", "fields": {"numTerms": 30, "term": "Y", "type": "Deposit", "mid": 0.01, "curve": 12}}, {"pk": 57, "model": "src.interestrate", "fields": {"numTerms": 1, "term": "M", "type": "Deposit", "mid": 0.01, "curve": 2}}, {"pk": 58, "model": "src.interestrate", "fields": {"numTerms": 3, "term": "M", "type": "Deposit", "mid": 0.01, "curve": 2}}, {"pk": 59, "model": "src.interestrate", "fields": {"numTerms": 1, "term": "Y", "type": "Deposit", "mid": 0.01, "curve": 2}}, {"pk": 60, "model": "src.interestrate", "fields": {"numTerms": 30, "term": "Y", "type": "Deposit", "mid": 0.01, "curve": 2}}, {"pk": 61, "model": "src.interestrate", "fields": {"numTerms": 1, "term": "M", "type": "Deposit", "mid": 0.02, "curve": 13}}, {"pk": 62, "model": "src.interestrate", "fields": {"numTerms": 3, "term": "M", "type": "Deposit", "mid": 0.02, "curve": 13}}, {"pk": 63, "model": "src.interestrate", "fields": {"numTerms": 1, "term": "Y", "type": "Deposit", "mid": 0.02, "curve": 13}}, {"pk": 64, "model": "src.interestrate", "fields": {"numTerms": 30, "term": "Y", "type": "Deposit", "mid": 0.02, "curve": 13}}, {"pk": 95, "model": "src.interestrate", "fields": {"numTerms": 1, "term": "M", "type": "Deposit", "mid": 0.00545, "curve": 17}}, {"pk": 96, "model": "src.interestrate", "fields": {"numTerms": 2, "term": "Y", "type": "Swap", "mid": 0.01551, "curve": 17}}, {"pk": 97, "model": "src.interestrate", "fields": {"numTerms": 3, "term": "Y", "type": "Swap", "mid": 0.01877, "curve": 17}}, {"pk": 98, "model": "src.interestrate", "fields": {"numTerms": 4, "term": "Y", "type": "Swap", "mid": 0.02157, "curve": 17}}, {"pk": 99, "model": "src.interestrate", "fields": {"numTerms": 1, "term": "D", "type": "Deposit", "mid": 0.003094, "curve": 17}}, {"pk": 100, "model": "src.interestrate", "fields": {"numTerms": 2, "term": "D", "type": "Deposit", "mid": 0.003, "curve": 17}}, {"pk": 101, "model": "src.interestrate", "fields": {"numTerms": 3, "term": "M", "type": "Deposit", "mid": 0.012875, "curve": 17}}, {"pk": 102, "model": "src.interestrate", "fields": {"numTerms": 6, "term": "M", "type": "Deposit", "mid": 0.018638, "curve": 17}}, {"pk": 103, "model": "src.interestrate", "fields": {"numTerms": 9, "term": "M", "type": "Deposit", "mid": 0.020175, "curve": 17}}, {"pk": 104, "model": "src.interestrate", "fields": {"numTerms": 1, "term": "Y", "type": "Deposit", "mid": 0.0218, "curve": 17}}, {"pk": 105, "model": "src.interestrate", "fields": {"numTerms": 5, "term": "Y", "type": "Swap", "mid": 0.02377, "curve": 17}}, {"pk": 106, "model": "src.interestrate", "fields": {"numTerms": 7, "term": "Y", "type": "Swap", "mid": 0.02674, "curve": 17}}, {"pk": 107, "model": "src.interestrate", "fields": {"numTerms": 10, "term": "Y", "type": "Swap", "mid": 0.027778, "curve": 17}}, {"pk": 108, "model": "src.interestrate", "fields": {"numTerms": 12, "term": "Y", "type": "Swap", "mid": 0.02894, "curve": 17}}, {"pk": 109, "model": "src.interestrate", "fields": {"numTerms": 15, "term": "Y", "type": "Swap", "mid": 0.0316, "curve": 17}}, {"pk": 110, "model": "src.interestrate", "fields": {"numTerms": 20, "term": "Y", "type": "Swap", "mid": 0.03197, "curve": 17}}, {"pk": 111, "model": "src.interestrate", "fields": {"numTerms": 25, "term": "Y", "type": "Swap", "mid": 0.03211, "curve": 17}}, {"pk": 112, "model": "src.interestrate", "fields": {"numTerms": 30, "term": "Y", "type": "Swap", "mid": 0.03234, "curve": 17}}, {"pk": 137, "model": "src.interestrate", "fields": {"numTerms": 1, "term": "M", "type": "Deposit", "mid": 0.01, "curve": 14}}, {"pk": 138, "model": "src.interestrate", "fields": {"numTerms": 1, "term": "M", "type": "Deposit", "mid": 0.01, "curve": 15}}, {"pk": 141, "model": "src.interestrate", "fields": {"numTerms": 1, "term": "M", "type": "Deposit", "mid": 0.01, "curve": 16}}, {"pk": 142, "model": "src.interestrate", "fields": {"numTerms": 3, "term": "M", "type": "Deposit", "mid": 0.01, "curve": 16}}, {"pk": 2, "model": "src.interestratecurve", "fields": {"index": "LIBOR", "term": "M", "ccy": "USD", "marketId": "TEST1", "numTerms": 3, "pricingDate": "2011-08-30"}}, {"pk": 12, "model": "src.interestratecurve", "fields": {"index": "LIBOR", "term": "M", "ccy": "USD", "marketId": "TEST1", "numTerms": 3, "pricingDate": "2011-08-31"}}, {"pk": 11, "model": "src.interestratecurve", "fields": {"index": "LIBOR", "term": "M", "ccy": "USD", "marketId": "TEST1", "numTerms": 3, "pricingDate": "2011-09-01"}}, {"pk": 10, "model": "src.interestratecurve", "fields": {"index": "LIBOR", "term": "M", "ccy": "USD", "marketId": "TEST1", "numTerms": 3, "pricingDate": "2011-09-02"}}, {"pk": 9, "model": "src.interestratecurve", "fields": {"index": "LIBOR", "term": "M", "ccy": "USD", "marketId": "TEST1", "numTerms": 3, "pricingDate": "2011-09-05"}}, {"pk": 8, "model": "src.interestratecurve", "fields": {"index": "LIBOR", "term": "M", "ccy": "USD", "marketId": "TEST1", "numTerms": 3, "pricingDate": "2011-09-06"}}, {"pk": 7, "model": "src.interestratecurve", "fields": {"index": "LIBOR", "term": "M", "ccy": "USD", "marketId": "TEST1", "numTerms": 3, "pricingDate": "2011-09-07"}}, {"pk": 5, "model": "src.interestratecurve", "fields": {"index": "LIBOR", "term": "M", "ccy": "USD", "marketId": "TEST1", "numTerms": 3, "pricingDate": "2011-09-08"}}, {"pk": 3, "model": "src.interestratecurve", "fields": {"index": "LIBOR", "term": "M", "ccy": "USD", "marketId": "TEST1", "numTerms": 3, "pricingDate": "2011-09-09"}}, {"pk": 17, "model": "src.interestratecurve", "fields": {"index": "LIBOR", "term": "M", "ccy": "USD", "marketId": "DEMO", "numTerms": 3, "pricingDate": "2011-09-12"}}, {"pk": 1, "model": "src.interestratecurve", "fields": {"index": "LIBOR", "term": "M", "ccy": "USD", "marketId": "TEST1", "numTerms": 3, "pricingDate": "2011-09-12"}}, {"pk": 13, "model": "src.interestratecurve", "fields": {"index": "LIBOR", "term": "M", "ccy": "USD", "marketId": "TEST2", "numTerms": 3, "pricingDate": "2011-09-12"}}, {"pk": 6, "model": "src.interestratecurve", "fields": {"index": "LIBOR", "term": "M", "ccy": "USD", "marketId": "TEST3", "numTerms": 3, "pricingDate": "2011-09-12"}}, {"pk": 4, "model": "src.interestratecurve", "fields": {"index": "LIBOR", "term": "M", "ccy": "USD", "marketId": "TEST4", "numTerms": 3, "pricingDate": "2011-09-12"}}, {"pk": 16, "model": "src.interestratecurve", "fields": {"index": "LIBOR", "term": "M", "ccy": "USD", "marketId": "TMP", "numTerms": 3, "pricingDate": "2011-09-12"}}, {"pk": 14, "model": "src.interestratecurve", "fields": {"index": "LIBOR", "term": "M", "ccy": "USD", "marketId": "TMP", "numTerms": 3, "pricingDate": "2011-09-13"}}, {"pk": 15, "model": "src.interestratecurve", "fields": {"index": "LIBOR", "term": "M", "ccy": "USD", "marketId": "TMP", "numTerms": 3, "pricingDate": "2011-09-14"}}, {"pk": 1, "model": "src.stockprice", "fields": {"mid": 123.45, "marketId": "TEST1", "pricingDate": "2011-09-12", "equity": 1}}, {"pk": 2, "model": "src.stockprice", "fields": {"mid": 123.0231073, "marketId": "TEST1", "pricingDate": "2011-08-30", "equity": 1}}, {"pk": 3, "model": "src.stockprice", "fields": {"mid": 543.21, "marketId": "TEST1", "pricingDate": "2011-09-12", "equity": 2}}, {"pk": 4, "model": "src.stockprice", "fields": {"mid": 559.5019221, "marketId": "TEST1", "pricingDate": "2011-08-30", "equity": 2}}, {"pk": 5, "model": "src.stockprice", "fields": {"mid": 124.6845, "marketId": "TEST1", "pricingDate": "2011-09-09", "equity": 1}}, {"pk": 6, "model": "src.stockprice", "fields": {"mid": 119.69712, "marketId": "TEST1", "pricingDate": "2011-09-08", "equity": 1}}, {"pk": 7, "model": "src.stockprice", "fields": {"mid": 120.8940912, "marketId": "TEST1", "pricingDate": "2011-09-07", "equity": 1}}, {"pk": 8, "model": "src.stockprice", "fields": {"mid": 117.2672685, "marketId": "TEST1", "pricingDate": "2011-09-06", "equity": 1}}, {"pk": 9, "model": "src.stockprice", "fields": {"mid": 124.3033046, "marketId": "TEST1", "pricingDate": "2011-09-05", "equity": 1}}, {"pk": 10, "model": "src.stockprice", "fields": {"mid": 123.0602715, "marketId": "TEST1", "pricingDate": "2011-09-02", "equity": 1}}, {"pk": 11, "model": "src.stockprice", "fields": {"mid": 120.5990661, "marketId": "TEST1", "pricingDate": "2011-09-01", "equity": 1}}, {"pk": 12, "model": "src.stockprice", "fields": {"mid": 121.8050568, "marketId": "TEST1", "pricingDate": "2011-08-31", "equity": 1}}, {"pk": 13, "model": "src.stockprice", "fields": {"mid": 548.6421, "marketId": "TEST1", "pricingDate": "2011-09-09", "equity": 2}}, {"pk": 14, "model": "src.stockprice", "fields": {"mid": 554.128521, "marketId": "TEST1", "pricingDate": "2011-09-08", "equity": 2}}, {"pk": 15, "model": "src.stockprice", "fields": {"mid": 559.6698062, "marketId": "TEST1", "pricingDate": "2011-09-07", "equity": 2}}, {"pk": 16, "model": "src.stockprice", "fields": {"mid": 565.2665043, "marketId": "TEST1", "pricingDate": "2011-09-06", "equity": 2}}, {"pk": 17, "model": "src.stockprice", "fields": {"mid": 570.9191693, "marketId": "TEST1", "pricingDate": "2011-09-05", "equity": 2}}, {"pk": 18, "model": "src.stockprice", "fields": {"mid": 576.628361, "marketId": "TEST1", "pricingDate": "2011-09-02", "equity": 2}}, {"pk": 19, "model": "src.stockprice", "fields": {"mid": 570.8620774, "marketId": "TEST1", "pricingDate": "2011-09-01", "equity": 2}}, {"pk": 20, "model": "src.stockprice", "fields": {"mid": 565.1534566, "marketId": "TEST1", "pricingDate": "2011-08-31", "equity": 2}}, {"pk": 1, "model": "src.bondoas", "fields": {"mid": 0.0012, "tCBond": 1, "pricingDate": "2011-09-12", "marketId": "TEST1"}}, {"pk": 2, "model": "src.bondoas", "fields": {"mid": 0.01, "tCBond": 1, "pricingDate": "2009-01-01", "marketId": "EOD"}}, {"pk": 3, "model": "src.bondoas", "fields": {"mid": 0.0, "tCBond": 1, "pricingDate": "2011-08-30", "marketId": "TEST1"}}, {"pk": 4, "model": "src.bondoas", "fields": {"mid": 0.0, "tCBond": 1, "pricingDate": "2011-08-31", "marketId": "TEST1"}}, {"pk": 5, "model": "src.bondoas", "fields": {"mid": 0.0, "tCBond": 1, "pricingDate": "2011-09-01", "marketId": "TEST1"}}, {"pk": 6, "model": "src.bondoas", "fields": {"mid": 0.0, "tCBond": 1, "pricingDate": "2011-09-02", "marketId": "TEST1"}}, {"pk": 7, "model": "src.bondoas", "fields": {"mid": 0.0, "tCBond": 1, "pricingDate": "2011-09-06", "marketId": "TEST1"}}, {"pk": 8, "model": "src.bondoas", "fields": {"mid": 0.0, "tCBond": 1, "pricingDate": "2011-09-07", "marketId": "TEST1"}}, {"pk": 9, "model": "src.bondoas", "fields": {"mid": 0.0, "tCBond": 1, "pricingDate": "2011-09-08", "marketId": "TEST1"}}, {"pk": 10, "model": "src.bondoas", "fields": {"mid": 0.0, "tCBond": 1, "pricingDate": "2011-09-09", "marketId": "TEST1"}}, {"pk": 19, "model": "auth.permission", "fields": {"codename": "add_logentry", "name": "Can add log entry", "content_type": 7}}, {"pk": 20, "model": "auth.permission", "fields": {"codename": "change_logentry", "name": "Can change log entry", "content_type": 7}}, {"pk": 21, "model": "auth.permission", "fields": {"codename": "delete_logentry", "name": "Can delete log entry", "content_type": 7}}, {"pk": 4, "model": "auth.permission", "fields": {"codename": "add_group", "name": "Can add group", "content_type": 2}}, {"pk": 5, "model": "auth.permission", "fields": {"codename": "change_group", "name": "Can change group", "content_type": 2}}, {"pk": 6, "model": "auth.permission", "fields": {"codename": "delete_group", "name": "Can delete group", "content_type": 2}}, {"pk": 1, "model": "auth.permission", "fields": {"codename": "add_permission", "name": "Can add permission", "content_type": 1}}, {"pk": 2, "model": "auth.permission", "fields": {"codename": "change_permission", "name": "Can change permission", "content_type": 1}}, {"pk": 3, "model": "auth.permission", "fields": {"codename": "delete_permission", "name": "Can delete permission", "content_type": 1}}, {"pk": 7, "model": "auth.permission", "fields": {"codename": "add_user", "name": "Can add user", "content_type": 3}}, {"pk": 8, "model": "auth.permission", "fields": {"codename": "change_user", "name": "Can change user", "content_type": 3}}, {"pk": 9, "model": "auth.permission", "fields": {"codename": "delete_user", "name": "Can delete user", "content_type": 3}}, {"pk": 73, "model": "auth.permission", "fields": {"codename": "add_feedback", "name": "Can add feedback", "content_type": 25}}, {"pk": 74, "model": "auth.permission", "fields": {"codename": "change_feedback", "name": "Can change feedback", "content_type": 25}}, {"pk": 75, "model": "auth.permission", "fields": {"codename": "delete_feedback", "name": "Can delete feedback", "content_type": 25}}, {"pk": 10, "model": "auth.permission", "fields": {"codename": "add_contenttype", "name": "Can add content type", "content_type": 4}}, {"pk": 11, "model": "auth.permission", "fields": {"codename": "change_contenttype", "name": "Can change content type", "content_type": 4}}, {"pk": 12, "model": "auth.permission", "fields": {"codename": "delete_contenttype", "name": "Can delete content type", "content_type": 4}}, {"pk": 76, "model": "auth.permission", "fields": {"codename": "add_registrationprofile", "name": "Can add registration profile", "content_type": 26}}, {"pk": 77, "model": "auth.permission", "fields": {"codename": "change_registrationprofile", "name": "Can change registration profile", "content_type": 26}}, {"pk": 78, "model": "auth.permission", "fields": {"codename": "delete_registrationprofile", "name": "Can delete registration profile", "content_type": 26}}, {"pk": 13, "model": "auth.permission", "fields": {"codename": "add_session", "name": "Can add session", "content_type": 5}}, {"pk": 14, "model": "auth.permission", "fields": {"codename": "change_session", "name": "Can change session", "content_type": 5}}, {"pk": 15, "model": "auth.permission", "fields": {"codename": "delete_session", "name": "Can delete session", "content_type": 5}}, {"pk": 16, "model": "auth.permission", "fields": {"codename": "add_site", "name": "Can add site", "content_type": 6}}, {"pk": 17, "model": "auth.permission", "fields": {"codename": "change_site", "name": "Can change site", "content_type": 6}}, {"pk": 18, "model": "auth.permission", "fields": {"codename": "delete_site", "name": "Can delete site", "content_type": 6}}, {"pk": 70, "model": "auth.permission", "fields": {"codename": "add_allocation", "name": "Can add allocation", "content_type": 24}}, {"pk": 71, "model": "auth.permission", "fields": {"codename": "change_allocation", "name": "Can change allocation", "content_type": 24}}, {"pk": 72, "model": "auth.permission", "fields": {"codename": "delete_allocation", "name": "Can delete allocation", "content_type": 24}}, {"pk": 67, "model": "auth.permission", "fields": {"codename": "add_batch", "name": "Can add batch", "content_type": 23}}, {"pk": 68, "model": "auth.permission", "fields": {"codename": "change_batch", "name": "Can change batch", "content_type": 23}}, {"pk": 69, "model": "auth.permission", "fields": {"codename": "delete_batch", "name": "Can delete batch", "content_type": 23}}, {"pk": 64, "model": "auth.permission", "fields": {"codename": "add_bondoas", "name": "Can add bond oas", "content_type": 22}}, {"pk": 65, "model": "auth.permission", "fields": {"codename": "change_bondoas", "name": "Can change bond oas", "content_type": 22}}, {"pk": 66, "model": "auth.permission", "fields": {"codename": "delete_bondoas", "name": "Can delete bond oas", "content_type": 22}}, {"pk": 61, "model": "auth.permission", "fields": {"codename": "add_bondprice", "name": "Can add bond price", "content_type": 21}}, {"pk": 62, "model": "auth.permission", "fields": {"codename": "change_bondprice", "name": "Can change bond price", "content_type": 21}}, {"pk": 63, "model": "auth.permission", "fields": {"codename": "delete_bondprice", "name": "Can delete bond price", "content_type": 21}}, {"pk": 31, "model": "auth.permission", "fields": {"codename": "add_equity", "name": "Can add equity", "content_type": 11}}, {"pk": 32, "model": "auth.permission", "fields": {"codename": "change_equity", "name": "Can change equity", "content_type": 11}}, {"pk": 33, "model": "auth.permission", "fields": {"codename": "delete_equity", "name": "Can delete equity", "content_type": 11}}, {"pk": 40, "model": "auth.permission", "fields": {"codename": "add_hvarconfiguration", "name": "Can add hvar configuration", "content_type": 14}}, {"pk": 41, "model": "auth.permission", "fields": {"codename": "change_hvarconfiguration", "name": "Can change hvar configuration", "content_type": 14}}, {"pk": 42, "model": "auth.permission", "fields": {"codename": "delete_hvarconfiguration", "name": "Can delete hvar configuration", "content_type": 14}}, {"pk": 43, "model": "auth.permission", "fields": {"codename": "add_identifier", "name": "Can add identifier", "content_type": 15}}, {"pk": 44, "model": "auth.permission", "fields": {"codename": "change_identifier", "name": "Can change identifier", "content_type": 15}}, {"pk": 45, "model": "auth.permission", "fields": {"codename": "delete_identifier", "name": "Can delete identifier", "content_type": 15}}, {"pk": 52, "model": "auth.permission", "fields": {"codename": "add_interestrate", "name": "Can add interest rate", "content_type": 18}}, {"pk": 53, "model": "auth.permission", "fields": {"codename": "change_interestrate", "name": "Can change interest rate", "content_type": 18}}, {"pk": 54, "model": "auth.permission", "fields": {"codename": "delete_interestrate", "name": "Can delete interest rate", "content_type": 18}}, {"pk": 55, "model": "auth.permission", "fields": {"codename": "add_interestratecurve", "name": "Can add interest rate curve", "content_type": 19}}, {"pk": 56, "model": "auth.permission", "fields": {"codename": "change_interestratecurve", "name": "Can change interest rate curve", "content_type": 19}}, {"pk": 57, "model": "auth.permission", "fields": {"codename": "delete_interestratecurve", "name": "Can delete interest rate curve", "content_type": 19}}, {"pk": 34, "model": "auth.permission", "fields": {"codename": "add_location", "name": "Can add location", "content_type": 12}}, {"pk": 35, "model": "auth.permission", "fields": {"codename": "change_location", "name": "Can change location", "content_type": 12}}, {"pk": 36, "model": "auth.permission", "fields": {"codename": "delete_location", "name": "Can delete location", "content_type": 12}}, {"pk": 25, "model": "auth.permission", "fields": {"codename": "add_modelposition", "name": "Can add model position", "content_type": 9}}, {"pk": 26, "model": "auth.permission", "fields": {"codename": "change_modelposition", "name": "Can change model position", "content_type": 9}}, {"pk": 27, "model": "auth.permission", "fields": {"codename": "delete_modelposition", "name": "Can delete model position", "content_type": 9}}, {"pk": 22, "model": "auth.permission", "fields": {"codename": "add_portfolio", "name": "Can add portfolio", "content_type": 8}}, {"pk": 23, "model": "auth.permission", "fields": {"codename": "change_portfolio", "name": "Can change portfolio", "content_type": 8}}, {"pk": 24, "model": "auth.permission", "fields": {"codename": "delete_portfolio", "name": "Can delete portfolio", "content_type": 8}}, {"pk": 58, "model": "auth.permission", "fields": {"codename": "add_stockprice", "name": "Can add stock price", "content_type": 20}}, {"pk": 59, "model": "auth.permission", "fields": {"codename": "change_stockprice", "name": "Can change stock price", "content_type": 20}}, {"pk": 60, "model": "auth.permission", "fields": {"codename": "delete_stockprice", "name": "Can delete stock price", "content_type": 20}}, {"pk": 46, "model": "auth.permission", "fields": {"codename": "add_tcbond", "name": "Can add tc bond", "content_type": 16}}, {"pk": 47, "model": "auth.permission", "fields": {"codename": "change_tcbond", "name": "Can change tc bond", "content_type": 16}}, {"pk": 48, "model": "auth.permission", "fields": {"codename": "delete_tcbond", "name": "Can delete tc bond", "content_type": 16}}, {"pk": 49, "model": "auth.permission", "fields": {"codename": "add_tcswap", "name": "Can add tc swap", "content_type": 17}}, {"pk": 50, "model": "auth.permission", "fields": {"codename": "change_tcswap", "name": "Can change tc swap", "content_type": 17}}, {"pk": 51, "model": "auth.permission", "fields": {"codename": "delete_tcswap", "name": "Can delete tc swap", "content_type": 17}}, {"pk": 28, "model": "auth.permission", "fields": {"codename": "add_transaction", "name": "Can add transaction", "content_type": 10}}, {"pk": 29, "model": "auth.permission", "fields": {"codename": "change_transaction", "name": "Can change transaction", "content_type": 10}}, {"pk": 30, "model": "auth.permission", "fields": {"codename": "delete_transaction", "name": "Can delete transaction", "content_type": 10}}, {"pk": 37, "model": "auth.permission", "fields": {"codename": "add_userprofile", "name": "Can add user profile", "content_type": 13}}, {"pk": 38, "model": "auth.permission", "fields": {"codename": "change_userprofile", "name": "Can change user profile", "content_type": 13}}, {"pk": 39, "model": "auth.permission", "fields": {"codename": "delete_userprofile", "name": "Can delete user profile", "content_type": 13}}, {"pk": 1, "model": "auth.user", "fields": {"username": "root", "first_name": "", "last_name": "", "is_active": true, "is_superuser": true, "is_staff": true, "last_login": "2014-04-11T20:16:59", "groups": [], "user_permissions": [], "password": "pbkdf2_sha256$10000$uwDaiY8xdqqW$Urw8vewN0lhTK57wmTlj0FOyR3DkDQCRsi05b/b5eFs=", "email": "capitalmarkettools.org@gmail.com", "date_joined": "2014-04-02T16:11:17"}}, {"pk": 2, "model": "auth.user", "fields": {"username": "cmt1", "first_name": "", "last_name": "", "is_active": true, "is_superuser": false, "is_staff": false, "last_login": "2014-04-02T16:11:17", "groups": [], "user_permissions": [], "password": "pbkdf2_sha256$10000$1Wv4iG4fxJOE$19jegI/Q2eWrG+2s3LjyMtpwbse8i4m/E/s+BVwqDwQ=", "email": "capitalmarkettools.org@gmail.com", "date_joined": "2014-04-02T16:11:17"}}, {"pk": 3, "model": "auth.user", "fields": {"username": "test1", "first_name": "", "last_name": "", "is_active": true, "is_superuser": false, "is_staff": false, "last_login": "2014-04-03T19:36:50", "groups": [], "user_permissions": [], "password": "pbkdf2_sha256$10000$3JYZsTJsSNuV$eVSh+W4Ck0cLGJuK9MR99N0mtlARIG7Ob51qAsI8wek=", "email": "capitalmarkettools.org@gmail.com", "date_joined": "2014-04-02T16:11:17"}}, {"pk": 4, "model": "auth.user", "fields": {"username": "demo", "first_name": "", "last_name": "", "is_active": true, "is_superuser": false, "is_staff": false, "last_login": "2014-04-11T20:03:06", "groups": [], "user_permissions": [], "password": "pbkdf2_sha256$10000$u09dW0wvicai$ZyQCcYs4Rc9CvEAk1FBdcjefNvdmL++esl/mKV4oj48=", "email": "", "date_joined": "2014-04-03T20:12:06"}}, {"pk": 44, "model": "admin.logentry", "fields": {"action_flag": 1, "action_time": "2014-04-04T18:29:50", "object_repr": "Cross Asset/CASH/Cash/-5000000.0/09/12/2011", "object_id": "11", "change_message": "", "user": 1, "content_type": 9}}, {"pk": 43, "model": "admin.logentry", "fields": {"action_flag": 1, "action_time": "2014-04-04T18:24:02", "object_repr": "Derivatives/SWAP/Pay_0.87_Libor+00_28JUL18/33000000.0/09/12/2011", "object_id": "10", "change_message": "", "user": 1, "content_type": 9}}, {"pk": 42, "model": "admin.logentry", "fields": {"action_flag": 1, "action_time": "2014-04-04T18:23:06", "object_repr": "Derivatives/SWAP/Pay_1.25_Libor+15_15JAN26/12000000.0/09/12/2011", "object_id": "9", "change_message": "", "user": 1, "content_type": 9}}, {"pk": 41, "model": "admin.logentry", "fields": {"action_flag": 1, "action_time": "2014-04-04T18:22:36", "object_repr": "Cross Asset/SWAP/Pay_1.25_Libor+15_15JAN26/25000000.0/09/12/2011", "object_id": "8", "change_message": "", "user": 1, "content_type": 9}}, {"pk": 40, "model": "admin.logentry", "fields": {"action_flag": 1, "action_time": "2014-04-04T14:39:35", "object_repr": "PR_ZERO_AUG54", "object_id": "4", "change_message": "", "user": 1, "content_type": 16}}, {"pk": 39, "model": "admin.logentry", "fields": {"action_flag": 1, "action_time": "2014-04-04T14:38:27", "object_repr": "PR_5.00_JUL41", "object_id": "3", "change_message": "", "user": 1, "content_type": 16}}, {"pk": 38, "model": "admin.logentry", "fields": {"action_flag": 1, "action_time": "2014-04-04T14:37:36", "object_repr": "PR_8.00_JUL35", "object_id": "2", "change_message": "", "user": 1, "content_type": 16}}, {"pk": 37, "model": "admin.logentry", "fields": {"action_flag": 1, "action_time": "2014-04-04T14:35:46", "object_repr": "CUSIP/74529JAPO", "object_id": "5", "change_message": "", "user": 1, "content_type": 15}}, {"pk": 36, "model": "admin.logentry", "fields": {"action_flag": 1, "action_time": "2014-04-04T14:35:11", "object_repr": "CUSIP/745141B89", "object_id": "4", "change_message": "", "user": 1, "content_type": 15}}, {"pk": 35, "model": "admin.logentry", "fields": {"action_flag": 3, "action_time": "2014-04-04T14:33:55", "object_repr": "CUSIP/745141b89", "object_id": "3", "change_message": "", "user": 1, "content_type": 15}}, {"pk": 34, "model": "admin.logentry", "fields": {"action_flag": 1, "action_time": "2014-04-04T14:33:06", "object_repr": "CUSIP/745141b89", "object_id": "3", "change_message": "", "user": 1, "content_type": 15}}, {"pk": 33, "model": "admin.logentry", "fields": {"action_flag": 1, "action_time": "2014-04-04T14:32:44", "object_repr": "CUSIP/745141E86", "object_id": "2", "change_message": "", "user": 1, "content_type": 15}}, {"pk": 32, "model": "admin.logentry", "fields": {"action_flag": 1, "action_time": "2014-04-04T13:10:36", "object_repr": "Swap/Y/30/USD/LIBOR/M/3/09/12/2011/DEMO", "object_id": "112", "change_message": "", "user": 1, "content_type": 18}}, {"pk": 31, "model": "admin.logentry", "fields": {"action_flag": 1, "action_time": "2014-04-04T13:10:14", "object_repr": "Swap/Y/25/USD/LIBOR/M/3/09/12/2011/DEMO", "object_id": "111", "change_message": "", "user": 1, "content_type": 18}}, {"pk": 30, "model": "admin.logentry", "fields": {"action_flag": 1, "action_time": "2014-04-04T13:09:41", "object_repr": "Swap/Y/20/USD/LIBOR/M/3/09/12/2011/DEMO", "object_id": "110", "change_message": "", "user": 1, "content_type": 18}}, {"pk": 29, "model": "admin.logentry", "fields": {"action_flag": 1, "action_time": "2014-04-04T13:09:18", "object_repr": "Swap/Y/15/USD/LIBOR/M/3/09/12/2011/DEMO", "object_id": "109", "change_message": "", "user": 1, "content_type": 18}}, {"pk": 28, "model": "admin.logentry", "fields": {"action_flag": 1, "action_time": "2014-04-04T13:08:52", "object_repr": "Swap/Y/12/USD/LIBOR/M/3/09/12/2011/DEMO", "object_id": "108", "change_message": "", "user": 1, "content_type": 18}}, {"pk": 27, "model": "admin.logentry", "fields": {"action_flag": 1, "action_time": "2014-04-04T13:08:19", "object_repr": "Swap/Y/10/USD/LIBOR/M/3/09/12/2011/DEMO", "object_id": "107", "change_message": "", "user": 1, "content_type": 18}}, {"pk": 26, "model": "admin.logentry", "fields": {"action_flag": 1, "action_time": "2014-04-04T13:07:53", "object_repr": "Swap/Y/7/USD/LIBOR/M/3/09/12/2011/DEMO", "object_id": "106", "change_message": "", "user": 1, "content_type": 18}}, {"pk": 25, "model": "admin.logentry", "fields": {"action_flag": 1, "action_time": "2014-04-04T13:07:23", "object_repr": "Swap/Y/5/USD/LIBOR/M/3/09/12/2011/DEMO", "object_id": "105", "change_message": "", "user": 1, "content_type": 18}}, {"pk": 24, "model": "admin.logentry", "fields": {"action_flag": 1, "action_time": "2014-04-04T13:06:48", "object_repr": "Deposit/Y/1/USD/LIBOR/M/3/09/12/2011/DEMO", "object_id": "104", "change_message": "", "user": 1, "content_type": 18}}, {"pk": 23, "model": "admin.logentry", "fields": {"action_flag": 1, "action_time": "2014-04-04T13:05:40", "object_repr": "Deposit/M/9/USD/LIBOR/M/3/09/12/2011/DEMO", "object_id": "103", "change_message": "", "user": 1, "content_type": 18}}, {"pk": 22, "model": "admin.logentry", "fields": {"action_flag": 1, "action_time": "2014-04-04T13:05:14", "object_repr": "Deposit/M/6/USD/LIBOR/M/3/09/12/2011/DEMO", "object_id": "102", "change_message": "", "user": 1, "content_type": 18}}, {"pk": 21, "model": "admin.logentry", "fields": {"action_flag": 1, "action_time": "2014-04-04T13:04:49", "object_repr": "Deposit/M/3/USD/LIBOR/M/3/09/12/2011/DEMO", "object_id": "101", "change_message": "", "user": 1, "content_type": 18}}, {"pk": 20, "model": "admin.logentry", "fields": {"action_flag": 1, "action_time": "2014-04-04T13:04:02", "object_repr": "Deposit/D/2/USD/LIBOR/M/3/09/12/2011/DEMO", "object_id": "100", "change_message": "", "user": 1, "content_type": 18}}, {"pk": 19, "model": "admin.logentry", "fields": {"action_flag": 1, "action_time": "2014-04-04T13:03:42", "object_repr": "Deposit/D/1/USD/LIBOR/M/3/09/12/2011/DEMO", "object_id": "99", "change_message": "", "user": 1, "content_type": 18}}, {"pk": 18, "model": "admin.logentry", "fields": {"action_flag": 1, "action_time": "2014-04-04T13:02:49", "object_repr": "Swap/Y/4/USD/LIBOR/M/3/09/12/2011/DEMO", "object_id": "98", "change_message": "", "user": 1, "content_type": 18}}, {"pk": 17, "model": "admin.logentry", "fields": {"action_flag": 1, "action_time": "2014-04-04T13:02:22", "object_repr": "Swap/Y/3/USD/LIBOR/M/3/09/12/2011/DEMO", "object_id": "97", "change_message": "", "user": 1, "content_type": 18}}, {"pk": 16, "model": "admin.logentry", "fields": {"action_flag": 2, "action_time": "2014-04-04T13:01:56", "object_repr": "Swap/Y/2/USD/LIBOR/M/3/09/12/2011/DEMO", "object_id": "96", "change_message": "Changed term, numTerms and mid.", "user": 1, "content_type": 18}}, {"pk": 15, "model": "admin.logentry", "fields": {"action_flag": 2, "action_time": "2014-04-04T13:01:16", "object_repr": "Deposit/M/1/USD/LIBOR/M/3/09/12/2011/DEMO", "object_id": "95", "change_message": "Changed mid.", "user": 1, "content_type": 18}}, {"pk": 14, "model": "admin.logentry", "fields": {"action_flag": 2, "action_time": "2014-04-04T12:58:14", "object_repr": "Swap/M/3/USD/LIBOR/M/3/09/12/2011/DEMO", "object_id": "96", "change_message": "Changed mid.", "user": 1, "content_type": 18}}, {"pk": 13, "model": "admin.logentry", "fields": {"action_flag": 1, "action_time": "2014-04-04T12:23:31", "object_repr": "Swap/M/3/USD/LIBOR/M/3/09/12/2011/DEMO", "object_id": "96", "change_message": "", "user": 1, "content_type": 18}}, {"pk": 12, "model": "admin.logentry", "fields": {"action_flag": 1, "action_time": "2014-04-04T12:22:29", "object_repr": "Deposit/M/1/USD/LIBOR/M/3/09/12/2011/DEMO", "object_id": "95", "change_message": "", "user": 1, "content_type": 18}}, {"pk": 11, "model": "admin.logentry", "fields": {"action_flag": 1, "action_time": "2014-04-04T12:21:16", "object_repr": "USD/LIBOR/M/3/09/12/2011/DEMO", "object_id": "17", "change_message": "", "user": 1, "content_type": 19}}, {"pk": 10, "model": "admin.logentry", "fields": {"action_flag": 2, "action_time": "2014-04-03T20:43:25", "object_repr": "Pay_1.25_Libor+15_15JAN26", "object_id": "1", "change_message": "Changed fixedBasis, floatingSpread and floatingBasis.", "user": 1, "content_type": 17}}, {"pk": 9, "model": "admin.logentry", "fields": {"action_flag": 1, "action_time": "2014-04-03T20:38:15", "object_repr": "FixedIncome/demo", "object_id": "3", "change_message": "", "user": 1, "content_type": 8}}, {"pk": 8, "model": "admin.logentry", "fields": {"action_flag": 1, "action_time": "2014-04-03T20:37:49", "object_repr": "Derivatives/demo", "object_id": "2", "change_message": "", "user": 1, "content_type": 8}}, {"pk": 7, "model": "admin.logentry", "fields": {"action_flag": 1, "action_time": "2014-04-03T20:34:46", "object_repr": "Pay_0.87_Libor+00_28JUL18", "object_id": "2", "change_message": "", "user": 1, "content_type": 17}}, {"pk": 6, "model": "admin.logentry", "fields": {"action_flag": 1, "action_time": "2014-04-03T20:27:28", "object_repr": "Pay_1.25_Libor+15_15JAN26", "object_id": "1", "change_message": "", "user": 1, "content_type": 17}}, {"pk": 5, "model": "admin.logentry", "fields": {"action_flag": 2, "action_time": "2014-04-03T20:22:57", "object_repr": "demo", "object_id": "4", "change_message": "Changed marketId.", "user": 1, "content_type": 13}}, {"pk": 4, "model": "admin.logentry", "fields": {"action_flag": 2, "action_time": "2014-04-03T20:15:35", "object_repr": "root", "object_id": "1", "change_message": "Changed password.", "user": 1, "content_type": 3}}, {"pk": 3, "model": "admin.logentry", "fields": {"action_flag": 2, "action_time": "2014-04-03T20:14:49", "object_repr": "cmt1", "object_id": "2", "change_message": "Changed password.", "user": 1, "content_type": 3}}, {"pk": 2, "model": "admin.logentry", "fields": {"action_flag": 2, "action_time": "2014-04-03T20:13:57", "object_repr": "demo", "object_id": "4", "change_message": "Changed password.", "user": 1, "content_type": 3}}, {"pk": 1, "model": "admin.logentry", "fields": {"action_flag": 1, "action_time": "2014-04-03T20:12:06", "object_repr": "demo", "object_id": "4", "change_message": "", "user": 1, "content_type": 3}}, {"pk": 1, "model": "src.userprofile", "fields": {"marketId": "EOD", "user": 1, "location": 1}}, {"pk": 2, "model": "src.userprofile", "fields": {"marketId": "EOD", "user": 2, "location": 1}}, {"pk": 3, "model": "src.userprofile", "fields": {"marketId": "EOD", "user": 3, "location": 1}}, {"pk": 4, "model": "src.userprofile", "fields": {"marketId": "DEMO", "user": 4, "location": 1}}]