[{"pk": 1, "model": "src.portfolio", "fields": {"name": "TEST1", "user": "test1"}}, {"pk": 1, "model": "src.modelposition", "fields": {"portfolio": 1, "amount": 100.0, "ticker": "TEST1", "positionType": "EQUITY", "asOf": "2011-09-12"}}, {"pk": 2, "model": "src.modelposition", "fields": {"portfolio": 1, "amount": 100.0, "ticker": "TEST2", "positionType": "EQUITY", "asOf": "2011-09-12"}}, {"pk": 3, "model": "src.modelposition", "fields": {"portfolio": 1, "amount": 100.0, "ticker": "TEST1", "positionType": "BOND", "asOf": "2011-09-12"}}, {"pk": 4, "model": "src.modelposition", "fields": {"portfolio": 1, "amount": 100.0, "ticker": "TEST1", "positionType": "EQUITY", "asOf": "2011-08-30"}}, {"pk": 5, "model": "src.modelposition", "fields": {"portfolio": 1, "amount": 100.0, "ticker": "TEST2", "positionType": "EQUITY", "asOf": "2011-08-30"}}, {"pk": 6, "model": "src.modelposition", "fields": {"portfolio": 1, "amount": 100.0, "ticker": "TEST1", "positionType": "BOND", "asOf": "2011-08-30"}}, {"pk": 7, "model": "src.modelposition", "fields": {"portfolio": 1, "amount": 1000.0, "ticker": "Cash", "positionType": "CASH", "asOf": "2011-08-30"}}, {"pk": 1, "model": "src.equity", "fields": {"assetType": "EQUITYUS", "ticker": "TEST1"}}, {"pk": 2, "model": "src.equity", "fields": {"assetType": "EQUITYUS", "ticker": "TEST2"}}, {"pk": 3, "model": "src.equity", "fields": {"assetType": "EQUITYUS", "ticker": "ALU"}}, {"pk": 4, "model": "src.equity", "fields": {"assetType": "EQUITYUS", "ticker": "C"}}, {"pk": 5, "model": "src.equity", "fields": {"assetType": "EQUITYUS", "ticker": "CMCSA"}}, {"pk": 6, "model": "src.equity", "fields": {"assetType": "EQUITYUS", "ticker": "CSCO"}}, {"pk": 7, "model": "src.equity", "fields": {"assetType": "EQUITYUS", "ticker": "GE"}}, {"pk": 8, "model": "src.equity", "fields": {"assetType": "EQUITYUS", "ticker": "HD"}}, {"pk": 9, "model": "src.equity", "fields": {"assetType": "EQUITYUS", "ticker": "IBM"}}, {"pk": 10, "model": "src.equity", "fields": {"assetType": "EQUITYUS", "ticker": "INTC"}}, {"pk": 11, "model": "src.equity", "fields": {"assetType": "EQUITYUS", "ticker": "JNJ"}}, {"pk": 12, "model": "src.equity", "fields": {"assetType": "EQUITYUS", "ticker": "LSI"}}, {"pk": 13, "model": "src.equity", "fields": {"assetType": "EQUITYUS", "ticker": "MRK"}}, {"pk": 14, "model": "src.equity", "fields": {"assetType": "EQUITYUS", "ticker": "MSFT"}}, {"pk": 15, "model": "src.equity", "fields": {"assetType": "EQUITYUS", "ticker": "PFE"}}, {"pk": 16, "model": "src.equity", "fields": {"assetType": "EQUITYUS", "ticker": "T"}}, {"pk": 17, "model": "src.equity", "fields": {"assetType": "EQUITYUS", "ticker": "TWX"}}, {"pk": 18, "model": "src.equity", "fields": {"assetType": "EQUITYUS", "ticker": "VZ"}}, {"pk": 19, "model": "src.equity", "fields": {"assetType": "EQUITYUS", "ticker": "WMT"}}, {"pk": 20, "model": "src.equity", "fields": {"assetType": "EQUITYUS", "ticker": "GOOG"}}, {"pk": 21, "model": "src.equity", "fields": {"assetType": "EQUITYUS", "ticker": "MSY"}}, {"pk": 22, "model": "src.equity", "fields": {"assetType": "EQUITYUS", "ticker": "GS"}}, {"pk": 1, "model": "src.location", "fields": {"name": "Test1", "pricingDate": "2011-09-12"}}, {"pk": 1, "model": "src.userprofile", "fields": {"marketId": "EOD", "user": 1, "location": 1}}, {"pk": 2, "model": "src.userprofile", "fields": {"marketId": "EOD", "user": 2, "location": 1}}, {"pk": 3, "model": "src.userprofile", "fields": {"marketId": "TEST1", "user": 3, "location": 1}}, {"pk": 1, "model": "src.hvarconfiguration", "fields": {"startDate": "2011-08-30", "stepUnit": "D", "name": "TEST1", "marketId": "TEST1", "stepSize": 1, "endDate": "2011-09-12", "calendar": "US", "confLevel": 0.95}}, {"pk": 2, "model": "src.hvarconfiguration", "fields": {"startDate": "2000-07-03", "stepUnit": "M", "name": "2001 Tech Crash", "marketId": "TEST1", "stepSize": 1, "endDate": "2003-07-03", "calendar": "US", "confLevel": 0.95}}, {"pk": 3, "model": "src.hvarconfiguration", "fields": {"startDate": "2007-06-15", "stepUnit": "M", "name": "2008 Real Estate Crash", "marketId": "TEST1", "stepSize": 1, "endDate": "2009-06-15", "calendar": "US", "confLevel": 0.95}}, {"pk": 1, "model": "src.identifier", "fields": {"type": "CUSIP", "name": "123456789"}}, {"pk": 1, "model": "src.tcbond", "fields": {"paymentFrequency": "S", "startDate": "2010-09-12", "paymentRollRule": "MF", "ccy": "USD", "name": "TEST1", "basis": "30/360 (Bond Basis) day counter", "coupon": 0.01, "assetType": "NYMUNIBOND", "identifiers": 1, "endDate": "2020-09-12", "paymentCalendar": "US"}}, {"pk": 13, "model": "src.interestrate", "fields": {"numTerms": 1, "term": "M", "type": "Deposit", "mid": 0.01, "curve": 1}}, {"pk": 14, "model": "src.interestrate", "fields": {"numTerms": 3, "term": "M", "type": "Deposit", "mid": 0.01, "curve": 1}}, {"pk": 15, "model": "src.interestrate", "fields": {"numTerms": 1, "term": "Y", "type": "Deposit", "mid": 0.01, "curve": 1}}, {"pk": 16, "model": "src.interestrate", "fields": {"numTerms": 30, "term": "Y", "type": "Deposit", "mid": 0.01, "curve": 1}}, {"pk": 17, "model": "src.interestrate", "fields": {"numTerms": 1, "term": "M", "type": "Deposit", "mid": 0.011, "curve": 3}}, {"pk": 18, "model": "src.interestrate", "fields": {"numTerms": 3, "term": "M", "type": "Deposit", "mid": 0.011, "curve": 3}}, {"pk": 19, "model": "src.interestrate", "fields": {"numTerms": 1, "term": "Y", "type": "Deposit", "mid": 0.011, "curve": 3}}, {"pk": 20, "model": "src.interestrate", "fields": {"numTerms": 30, "term": "Y", "type": "Deposit", "mid": 0.011, "curve": 3}}, {"pk": 21, "model": "src.interestrate", "fields": {"numTerms": 1, "term": "M", "type": "Deposit", "mid": 0.002, "curve": 4}}, {"pk": 22, "model": "src.interestrate", "fields": {"numTerms": 3, "term": "M", "type": "Deposit", "mid": 0.002, "curve": 4}}, {"pk": 23, "model": "src.interestrate", "fields": {"numTerms": 1, "term": "Y", "type": "Deposit", "mid": 0.002, "curve": 4}}, {"pk": 24, "model": "src.interestrate", "fields": {"numTerms": 30, "term": "Y", "type": "Deposit", "mid": 0.002, "curve": 4}}, {"pk": 25, "model": "src.interestrate", "fields": {"numTerms": 1, "term": "M", "type": "Deposit", "mid": 0.01, "curve": 5}}, {"pk": 26, "model": "src.interestrate", "fields": {"numTerms": 3, "term": "M", "type": "Deposit", "mid": 0.01, "curve": 5}}, {"pk": 27, "model": "src.interestrate", "fields": {"numTerms": 1, "term": "Y", "type": "Deposit", "mid": 0.01, "curve": 5}}, {"pk": 28, "model": "src.interestrate", "fields": {"numTerms": 30, "term": "Y", "type": "Deposit", "mid": 0.01, "curve": 5}}, {"pk": 29, "model": "src.interestrate", "fields": {"numTerms": 1, "term": "M", "type": "Deposit", "mid": 0.03, "curve": 6}}, {"pk": 30, "model": "src.interestrate", "fields": {"numTerms": 3, "term": "M", "type": "Deposit", "mid": 0.03, "curve": 6}}, {"pk": 31, "model": "src.interestrate", "fields": {"numTerms": 1, "term": "Y", "type": "Deposit", "mid": 0.03, "curve": 6}}, {"pk": 32, "model": "src.interestrate", "fields": {"numTerms": 30, "term": "Y", "type": "Deposit", "mid": 0.03, "curve": 6}}, {"pk": 33, "model": "src.interestrate", "fields": {"numTerms": 1, "term": "M", "type": "Deposit", "mid": 0.009, "curve": 7}}, {"pk": 34, "model": "src.interestrate", "fields": {"numTerms": 3, "term": "M", "type": "Deposit", "mid": 0.009, "curve": 7}}, {"pk": 35, "model": "src.interestrate", "fields": {"numTerms": 1, "term": "Y", "type": "Deposit", "mid": 0.009, "curve": 7}}, {"pk": 36, "model": "src.interestrate", "fields": {"numTerms": 30, "term": "Y", "type": "Deposit", "mid": 0.009, "curve": 7}}, {"pk": 37, "model": "src.interestrate", "fields": {"numTerms": 1, "term": "M", "type": "Deposit", "mid": 0.01, "curve": 8}}, {"pk": 38, "model": "src.interestrate", "fields": {"numTerms": 3, "term": "M", "type": "Deposit", "mid": 0.01, "curve": 8}}, {"pk": 39, "model": "src.interestrate", "fields": {"numTerms": 1, "term": "Y", "type": "Deposit", "mid": 0.01, "curve": 8}}, {"pk": 40, "model": "src.interestrate", "fields": {"numTerms": 30, "term": "Y", "type": "Deposit", "mid": 0.01, "curve": 8}}, {"pk": 41, "model": "src.interestrate", "fields": {"numTerms": 1, "term": "M", "type": "Deposit", "mid": 0.02, "curve": 9}}, {"pk": 42, "model": "src.interestrate", "fields": {"numTerms": 3, "term": "M", "type": "Deposit", "mid": 0.02, "curve": 9}}, {"pk": 43, "model": "src.interestrate", "fields": {"numTerms": 1, "term": "Y", "type": "Deposit", "mid": 0.02, "curve": 9}}, {"pk": 44, "model": "src.interestrate", "fields": {"numTerms": 30, "term": "Y", "type": "Deposit", "mid": 0.02, "curve": 9}}, {"pk": 45, "model": "src.interestrate", "fields": {"numTerms": 1, "term": "M", "type": "Deposit", "mid": 0.03, "curve": 10}}, {"pk": 46, "model": "src.interestrate", "fields": {"numTerms": 3, "term": "M", "type": "Deposit", "mid": 0.03, "curve": 10}}, {"pk": 47, "model": "src.interestrate", "fields": {"numTerms": 1, "term": "Y", "type": "Deposit", "mid": 0.03, "curve": 10}}, {"pk": 48, "model": "src.interestrate", "fields": {"numTerms": 30, "term": "Y", "type": "Deposit", "mid": 0.03, "curve": 10}}, {"pk": 49, "model": "src.interestrate", "fields": {"numTerms": 1, "term": "M", "type": "Deposit", "mid": 0.01, "curve": 11}}, {"pk": 50, "model": "src.interestrate", "fields": {"numTerms": 3, "term": "M", "type": "Deposit", "mid": 0.01, "curve": 11}}, {"pk": 51, "model": "src.interestrate", "fields": {"numTerms": 1, "term": "Y", "type": "Deposit", "mid": 0.01, "curve": 11}}, {"pk": 52, "model": "src.interestrate", "fields": {"numTerms": 30, "term": "Y", "type": "Deposit", "mid": 0.01, "curve": 11}}, {"pk": 53, "model": "src.interestrate", "fields": {"numTerms": 1, "term": "M", "type": "Deposit", "mid": 0.01, "curve": 12}}, {"pk": 54, "model": "src.interestrate", "fields": {"numTerms": 3, "term": "M", "type": "Deposit", "mid": 0.01, "curve": 12}}, {"pk": 55, "model": "src.interestrate", "fields": {"numTerms": 1, "term": "Y", "type": "Deposit", "mid": 0.01, "curve": 12}}, {"pk": 56, "model": "src.interestrate", "fields": {"numTerms": 30, "term": "Y", "type": "Deposit", "mid": 0.01, "curve": 12}}, {"pk": 57, "model": "src.interestrate", "fields": {"numTerms": 1, "term": "M", "type": "Deposit", "mid": 0.01, "curve": 2}}, {"pk": 58, "model": "src.interestrate", "fields": {"numTerms": 3, "term": "M", "type": "Deposit", "mid": 0.01, "curve": 2}}, {"pk": 59, "model": "src.interestrate", "fields": {"numTerms": 1, "term": "Y", "type": "Deposit", "mid": 0.01, "curve": 2}}, {"pk": 60, "model": "src.interestrate", "fields": {"numTerms": 30, "term": "Y", "type": "Deposit", "mid": 0.01, "curve": 2}}, {"pk": 61, "model": "src.interestrate", "fields": {"numTerms": 1, "term": "M", "type": "Deposit", "mid": 0.02, "curve": 13}}, {"pk": 62, "model": "src.interestrate", "fields": {"numTerms": 3, "term": "M", "type": "Deposit", "mid": 0.02, "curve": 13}}, {"pk": 63, "model": "src.interestrate", "fields": {"numTerms": 1, "term": "Y", "type": "Deposit", "mid": 0.02, "curve": 13}}, {"pk": 64, "model": "src.interestrate", "fields": {"numTerms": 30, "term": "Y", "type": "Deposit", "mid": 0.02, "curve": 13}}, {"pk": 2, "model": "src.interestratecurve", "fields": {"index": "LIBOR", "term": "M", "ccy": "USD", "marketId": "TEST1", "numTerms": 3, "pricingDate": "2011-08-30"}}, {"pk": 12, "model": "src.interestratecurve", "fields": {"index": "LIBOR", "term": "M", "ccy": "USD", "marketId": "TEST1", "numTerms": 3, "pricingDate": "2011-08-31"}}, {"pk": 11, "model": "src.interestratecurve", "fields": {"index": "LIBOR", "term": "M", "ccy": "USD", "marketId": "TEST1", "numTerms": 3, "pricingDate": "2011-09-01"}}, {"pk": 10, "model": "src.interestratecurve", "fields": {"index": "LIBOR", "term": "M", "ccy": "USD", "marketId": "TEST1", "numTerms": 3, "pricingDate": "2011-09-02"}}, {"pk": 9, "model": "src.interestratecurve", "fields": {"index": "LIBOR", "term": "M", "ccy": "USD", "marketId": "TEST1", "numTerms": 3, "pricingDate": "2011-09-05"}}, {"pk": 8, "model": "src.interestratecurve", "fields": {"index": "LIBOR", "term": "M", "ccy": "USD", "marketId": "TEST1", "numTerms": 3, "pricingDate": "2011-09-06"}}, {"pk": 7, "model": "src.interestratecurve", "fields": {"index": "LIBOR", "term": "M", "ccy": "USD", "marketId": "TEST1", "numTerms": 3, "pricingDate": "2011-09-07"}}, {"pk": 5, "model": "src.interestratecurve", "fields": {"index": "LIBOR", "term": "M", "ccy": "USD", "marketId": "TEST1", "numTerms": 3, "pricingDate": "2011-09-08"}}, {"pk": 3, "model": "src.interestratecurve", "fields": {"index": "LIBOR", "term": "M", "ccy": "USD", "marketId": "TEST1", "numTerms": 3, "pricingDate": "2011-09-09"}}, {"pk": 1, "model": "src.interestratecurve", "fields": {"index": "LIBOR", "term": "M", "ccy": "USD", "marketId": "TEST1", "numTerms": 3, "pricingDate": "2011-09-12"}}, {"pk": 13, "model": "src.interestratecurve", "fields": {"index": "LIBOR", "term": "M", "ccy": "USD", "marketId": "TEST2", "numTerms": 3, "pricingDate": "2011-09-12"}}, {"pk": 6, "model": "src.interestratecurve", "fields": {"index": "LIBOR", "term": "M", "ccy": "USD", "marketId": "TEST3", "numTerms": 3, "pricingDate": "2011-09-12"}}, {"pk": 4, "model": "src.interestratecurve", "fields": {"index": "LIBOR", "term": "M", "ccy": "USD", "marketId": "TEST4", "numTerms": 3, "pricingDate": "2011-09-12"}}, {"pk": 1, "model": "src.stockprice", "fields": {"mid": 123.45, "marketId": "TEST1", "pricingDate": "2011-09-12", "equity": 1}}, {"pk": 2, "model": "src.stockprice", "fields": {"mid": 123.0231073, "marketId": "TEST1", "pricingDate": "2011-08-30", "equity": 1}}, {"pk": 3, "model": "src.stockprice", "fields": {"mid": 543.21, "marketId": "TEST1", "pricingDate": "2011-09-12", "equity": 2}}, {"pk": 4, "model": "src.stockprice", "fields": {"mid": 559.5019221, "marketId": "TEST1", "pricingDate": "2011-08-30", "equity": 2}}, {"pk": 5, "model": "src.stockprice", "fields": {"mid": 124.6845, "marketId": "TEST1", "pricingDate": "2011-09-09", "equity": 1}}, {"pk": 6, "model": "src.stockprice", "fields": {"mid": 119.69712, "marketId": "TEST1", "pricingDate": "2011-09-08", "equity": 1}}, {"pk": 7, "model": "src.stockprice", "fields": {"mid": 120.8940912, "marketId": "TEST1", "pricingDate": "2011-09-07", "equity": 1}}, {"pk": 8, "model": "src.stockprice", "fields": {"mid": 117.2672685, "marketId": "TEST1", "pricingDate": "2011-09-06", "equity": 1}}, {"pk": 9, "model": "src.stockprice", "fields": {"mid": 124.3033046, "marketId": "TEST1", "pricingDate": "2011-09-05", "equity": 1}}, {"pk": 10, "model": "src.stockprice", "fields": {"mid": 123.0602715, "marketId": "TEST1", "pricingDate": "2011-09-02", "equity": 1}}, {"pk": 11, "model": "src.stockprice", "fields": {"mid": 120.5990661, "marketId": "TEST1", "pricingDate": "2011-09-01", "equity": 1}}, {"pk": 12, "model": "src.stockprice", "fields": {"mid": 121.8050568, "marketId": "TEST1", "pricingDate": "2011-08-31", "equity": 1}}, {"pk": 13, "model": "src.stockprice", "fields": {"mid": 548.6421, "marketId": "TEST1", "pricingDate": "2011-09-09", "equity": 2}}, {"pk": 14, "model": "src.stockprice", "fields": {"mid": 554.128521, "marketId": "TEST1", "pricingDate": "2011-09-08", "equity": 2}}, {"pk": 15, "model": "src.stockprice", "fields": {"mid": 559.6698062, "marketId": "TEST1", "pricingDate": "2011-09-07", "equity": 2}}, {"pk": 16, "model": "src.stockprice", "fields": {"mid": 565.2665043, "marketId": "TEST1", "pricingDate": "2011-09-06", "equity": 2}}, {"pk": 17, "model": "src.stockprice", "fields": {"mid": 570.9191693, "marketId": "TEST1", "pricingDate": "2011-09-05", "equity": 2}}, {"pk": 18, "model": "src.stockprice", "fields": {"mid": 576.628361, "marketId": "TEST1", "pricingDate": "2011-09-02", "equity": 2}}, {"pk": 19, "model": "src.stockprice", "fields": {"mid": 570.8620774, "marketId": "TEST1", "pricingDate": "2011-09-01", "equity": 2}}, {"pk": 20, "model": "src.stockprice", "fields": {"mid": 565.1534566, "marketId": "TEST1", "pricingDate": "2011-08-31", "equity": 2}}, {"pk": 1, "model": "src.bondoas", "fields": {"mid": 0.0012, "tCBond": 1, "pricingDate": "2011-09-12", "marketId": "TEST1"}}, {"pk": 2, "model": "src.bondoas", "fields": {"mid": 0.01, "tCBond": 1, "pricingDate": "2009-01-01", "marketId": "EOD"}}, {"pk": 3, "model": "src.bondoas", "fields": {"mid": 0.0, "tCBond": 1, "pricingDate": "2011-08-30", "marketId": "TEST1"}}, {"pk": 4, "model": "src.bondoas", "fields": {"mid": 0.0, "tCBond": 1, "pricingDate": "2011-08-31", "marketId": "TEST1"}}, {"pk": 5, "model": "src.bondoas", "fields": {"mid": 0.0, "tCBond": 1, "pricingDate": "2011-09-01", "marketId": "TEST1"}}, {"pk": 6, "model": "src.bondoas", "fields": {"mid": 0.0, "tCBond": 1, "pricingDate": "2011-09-02", "marketId": "TEST1"}}, {"pk": 7, "model": "src.bondoas", "fields": {"mid": 0.0, "tCBond": 1, "pricingDate": "2011-09-06", "marketId": "TEST1"}}, {"pk": 8, "model": "src.bondoas", "fields": {"mid": 0.0, "tCBond": 1, "pricingDate": "2011-09-07", "marketId": "TEST1"}}, {"pk": 9, "model": "src.bondoas", "fields": {"mid": 0.0, "tCBond": 1, "pricingDate": "2011-09-08", "marketId": "TEST1"}}, {"pk": 10, "model": "src.bondoas", "fields": {"mid": 0.0, "tCBond": 1, "pricingDate": "2011-09-09", "marketId": "TEST1"}}]